run_id,wtime,pss,pss_zscore,label,pred_zscore,anomaly_type,flag_type
normal_io_01,0,1203,-1.6384163045294455,0,0,io_normal,TN
normal_io_01,2,1201,-1.6384446782781854,0,0,io_normal,TN
normal_io_01,4,1201,-1.6384446782781854,0,0,io_normal,TN
normal_io_01,6,1201,-1.6384446782781854,0,0,io_normal,TN
normal_io_01,8,1203,-1.6384163045294455,0,0,io_normal,TN
normal_io_01,10,1203,-1.6384163045294455,0,0,io_normal,TN
normal_io_01,12,1203,-1.6384163045294455,0,0,io_normal,TN
normal_io_01,14,1203,-1.6384163045294455,0,0,io_normal,TN
normal_io_01,16,1203,-1.6384163045294455,0,0,io_normal,TN
normal_io_01,18,1203,-1.6384163045294455,0,0,io_normal,TN
normal_io_01,20,1210,-1.6383169964088558,0,0,io_normal,TN
anomaly_mem_spike,0,497821,5.407040871334988,1,1,mem_spike,TP
anomaly_mem_spike,2,1173049,14.986415678419288,1,1,mem_spike,TP
anomaly_mem_spike,4,1173051,14.986444052168027,1,1,mem_spike,TP
anomaly_mem_spike,6,1173051,14.986444052168027,1,1,mem_spike,TP
anomaly_mem_spike,8,1173051,14.986444052168027,1,1,mem_spike,TP
anomaly_mem_spike,10,1173051,14.986444052168027,1,1,mem_spike,TP
anomaly_mem_spike,12,1173051,14.986444052168027,1,1,mem_spike,TP
anomaly_mem_spike,14,1173051,14.986444052168027,1,1,mem_spike,TP
anomaly_mem_spike,16,1173051,14.986444052168027,1,1,mem_spike,TP
anomaly_mem_spike,18,1173051,14.986444052168027,1,1,mem_spike,TP
anomaly_mem_spike,20,1173051,14.986444052168027,1,1,mem_spike,TP
anomaly_mem_spike,22,1173051,14.986444052168027,1,1,mem_spike,TP
anomaly_mem_spike,24,1173051,14.986444052168027,1,1,mem_spike,TP
anomaly_mem_spike,26,1173051,14.986444052168027,1,1,mem_spike,TP
anomaly_mem_spike,28,1173051,14.986444052168027,1,1,mem_spike,TP
anomaly_mem_spike,30,1173051,14.986444052168027,1,1,mem_spike,TP
anomaly_mem_spike,32,1173051,14.986444052168027,1,1,mem_spike,TP
anomaly_mem_spike,34,1173051,14.986444052168027,1,1,mem_spike,TP
anomaly_mem_spike,36,1173051,14.986444052168027,1,1,mem_spike,TP
anomaly_mem_spike,38,1173051,14.986444052168027,1,1,mem_spike,TP
anomaly_mem_spike,40,1173051,14.986444052168027,1,1,mem_spike,TP
anomaly_mem_spike,42,1173051,14.986444052168027,1,1,mem_spike,TP
anomaly_mem_spike,44,1173051,14.986444052168027,1,1,mem_spike,TP
anomaly_mem_spike,46,1173051,14.986444052168027,1,1,mem_spike,TP
anomaly_mem_spike,48,1173051,14.986444052168027,1,1,mem_spike,TP
anomaly_mem_spike,50,1173051,14.986444052168027,1,1,mem_spike,TP
anomaly_mem_spike,52,1173057,14.986529173414247,1,1,mem_spike,TP
anomaly_mem_spike,54,1173052,14.986458239042397,1,1,mem_spike,TP
anomaly_mem_spike,56,1173052,14.986458239042397,1,1,mem_spike,TP
anomaly_mem_spike,58,1173052,14.986458239042397,1,1,mem_spike,TP
anomaly_mem_spike,60,1173062,14.986600107786098,1,1,mem_spike,TP
anomaly_mem_spike,62,1173062,14.986600107786098,1,1,mem_spike,TP
anomaly_mem_spike,64,1173062,14.986600107786098,1,1,mem_spike,TP
anomaly_mem_spike,66,1173062,14.986600107786098,1,1,mem_spike,TP
anomaly_mem_spike,68,1173062,14.986600107786098,1,1,mem_spike,TP
anomaly_mem_spike,70,1173062,14.986600107786098,1,1,mem_spike,TP
anomaly_mem_spike,72,1173058,14.986543360288618,1,1,mem_spike,TP
anomaly_mem_spike,74,1173058,14.986543360288618,1,1,mem_spike,TP
anomaly_mem_spike,76,1173058,14.986543360288618,1,1,mem_spike,TP
anomaly_mem_spike,78,1173058,14.986543360288618,1,1,mem_spike,TP
anomaly_mem_spike,80,1173058,14.986543360288618,1,1,mem_spike,TP
anomaly_mem_spike,82,1173055,14.986500799665507,1,1,mem_spike,TP
anomaly_mem_spike,84,1173055,14.986500799665507,1,1,mem_spike,TP
anomaly_mem_spike,86,1173055,14.986500799665507,1,1,mem_spike,TP
anomaly_mem_spike,88,1173058,14.986543360288618,1,1,mem_spike,TP
anomaly_mem_spike,90,1173058,14.986543360288618,1,1,mem_spike,TP
anomaly_mem_spike,92,1173058,14.986543360288618,1,1,mem_spike,TP
anomaly_mem_spike,94,1173058,14.986543360288618,1,1,mem_spike,TP
anomaly_mem_spike,96,1173058,14.986543360288618,1,1,mem_spike,TP
anomaly_mem_spike,98,1173058,14.986543360288618,1,1,mem_spike,TP
anomaly_mem_spike,100,1173058,14.986543360288618,1,1,mem_spike,TP
anomaly_mem_spike,102,1173058,14.986543360288618,1,1,mem_spike,TP
anomaly_mem_spike,104,1173058,14.986543360288618,1,1,mem_spike,TP
anomaly_mem_spike,106,1173058,14.986543360288618,1,1,mem_spike,TP
anomaly_mem_spike,108,1173058,14.986543360288618,1,1,mem_spike,TP
anomaly_mem_spike,110,1173058,14.986543360288618,1,1,mem_spike,TP
anomaly_mem_spike,112,1173058,14.986543360288618,1,1,mem_spike,TP
anomaly_mem_spike,114,1173058,14.986543360288618,1,1,mem_spike,TP
anomaly_mem_spike,116,1173055,14.986500799665507,1,1,mem_spike,TP
anomaly_mem_spike,118,1173055,14.986500799665507,1,1,mem_spike,TP
anomaly_mem_spike,120,1173055,14.986500799665507,1,1,mem_spike,TP
anomaly_mem_spike,122,1173055,14.986500799665507,1,1,mem_spike,TP
anomaly_mem_spike,124,1173055,14.986500799665507,1,1,mem_spike,TP
anomaly_mem_spike,126,1173055,14.986500799665507,1,1,mem_spike,TP
anomaly_mem_spike,128,1173055,14.986500799665507,1,1,mem_spike,TP
anomaly_mem_spike,130,1173055,14.986500799665507,1,1,mem_spike,TP
anomaly_mem_spike,132,1173055,14.986500799665507,1,1,mem_spike,TP
anomaly_mem_spike,134,1173055,14.986500799665507,1,1,mem_spike,TP
anomaly_mem_spike,136,1173055,14.986500799665507,1,1,mem_spike,TP
anomaly_mem_spike,138,1173055,14.986500799665507,1,1,mem_spike,TP
anomaly_mem_spike,140,1173055,14.986500799665507,1,1,mem_spike,TP
anomaly_mem_spike,142,1173055,14.986500799665507,1,1,mem_spike,TP
anomaly_mem_spike,144,1173055,14.986500799665507,1,1,mem_spike,TP
anomaly_mem_spike,146,1173055,14.986500799665507,1,1,mem_spike,TP
anomaly_mem_spike,148,1173055,14.986500799665507,1,1,mem_spike,TP
anomaly_mem_spike,150,1173055,14.986500799665507,1,1,mem_spike,TP
anomaly_mem_spike,152,1173055,14.986500799665507,1,1,mem_spike,TP
anomaly_mem_spike,154,1173055,14.986500799665507,1,1,mem_spike,TP
anomaly_mem_spike,156,1173055,14.986500799665507,1,1,mem_spike,TP
anomaly_mem_spike,158,1173055,14.986500799665507,1,1,mem_spike,TP
anomaly_mem_spike,160,1173055,14.986500799665507,1,1,mem_spike,TP
anomaly_mem_spike,162,1173055,14.986500799665507,1,1,mem_spike,TP
anomaly_mem_spike,164,1173055,14.986500799665507,1,1,mem_spike,TP
anomaly_mem_spike,166,1173055,14.986500799665507,1,1,mem_spike,TP
anomaly_mem_spike,168,1173055,14.986500799665507,1,1,mem_spike,TP
anomaly_mem_spike,170,1173055,14.986500799665507,1,1,mem_spike,TP
anomaly_mem_spike,172,1173055,14.986500799665507,1,1,mem_spike,TP
anomaly_mem_spike,174,1173055,14.986500799665507,1,1,mem_spike,TP
anomaly_mem_spike,176,1173051,14.986444052168027,1,1,mem_spike,TP
anomaly_mem_spike,178,1173050,14.986429865293657,1,1,mem_spike,TP
anomaly_mem_spike,180,1173055,14.986500799665507,1,1,mem_spike,TP
normal_mem_01,0,147669,0.4394784369421889,0,0,mem_normal,TN
normal_mem_01,2,147669,0.4394784369421889,0,0,mem_normal,TN
normal_mem_01,4,147665,0.439421689444709,0,0,mem_normal,TN
normal_mem_01,6,147665,0.439421689444709,0,0,mem_normal,TN
normal_mem_01,8,147666,0.439435876319079,0,0,mem_normal,TN
normal_mem_01,10,147666,0.439435876319079,0,0,mem_normal,TN
normal_mem_01,12,147666,0.439435876319079,0,0,mem_normal,TN
normal_mem_01,14,147666,0.439435876319079,0,0,mem_normal,TN
normal_mem_01,16,147666,0.439435876319079,0,0,mem_normal,TN
normal_mem_01,18,147672,0.4395209975652988,0,0,mem_normal,TN
normal_mem_01,20,147672,0.4395209975652988,0,0,mem_normal,TN
normal_mem_01,22,147672,0.4395209975652988,0,0,mem_normal,TN
normal_mem_01,24,147672,0.4395209975652988,0,0,mem_normal,TN
normal_mem_01,26,146958,0.4293915692651421,0,0,mem_normal,TN
normal_mem_01,28,147231,0.4332645859681432,0,0,mem_normal,TN
normal_mem_01,30,147231,0.4332645859681432,0,0,mem_normal,TN
normal_mem_01,32,147372,0.4352649352543086,0,0,mem_normal,TN
normal_mem_01,34,147372,0.4352649352543086,0,0,mem_normal,TN
normal_mem_01,36,147372,0.4352649352543086,0,0,mem_normal,TN
normal_mem_01,38,147371,0.4352507483799386,0,0,mem_normal,TN
normal_mem_01,40,147371,0.4352507483799386,0,0,mem_normal,TN
normal_mem_01,42,147369,0.43522237463119867,0,0,mem_normal,TN
normal_mem_01,44,147369,0.43522237463119867,0,0,mem_normal,TN
normal_mem_01,46,147369,0.43522237463119867,0,0,mem_normal,TN
normal_mem_01,48,147369,0.43522237463119867,0,0,mem_normal,TN
normal_mem_01,50,147369,0.43522237463119867,0,0,mem_normal,TN
normal_mem_01,52,147369,0.43522237463119867,0,0,mem_normal,TN
normal_mem_01,54,147369,0.43522237463119867,0,0,mem_normal,TN
normal_mem_01,56,147369,0.43522237463119867,0,0,mem_normal,TN
normal_mem_01,58,147369,0.43522237463119867,0,0,mem_normal,TN
normal_mem_01,60,147369,0.43522237463119867,0,0,mem_normal,TN
normal_mem_01,62,147365,0.4351656271337188,0,0,mem_normal,TN
normal_mem_01,64,147365,0.4351656271337188,0,0,mem_normal,TN
normal_mem_01,66,147364,0.4351514402593489,0,0,mem_normal,TN
normal_mem_01,68,147364,0.4351514402593489,0,0,mem_normal,TN
normal_mem_01,70,147369,0.43522237463119867,0,0,mem_normal,TN
normal_mem_01,72,147369,0.43522237463119867,0,0,mem_normal,TN
normal_mem_01,74,147369,0.43522237463119867,0,0,mem_normal,TN
normal_mem_01,76,147369,0.43522237463119867,0,0,mem_normal,TN
normal_mem_01,78,147369,0.43522237463119867,0,0,mem_normal,TN
normal_mem_01,80,147369,0.43522237463119867,0,0,mem_normal,TN
normal_mem_01,82,147369,0.43522237463119867,0,0,mem_normal,TN
normal_mem_01,84,147369,0.43522237463119867,0,0,mem_normal,TN
normal_mem_01,86,147369,0.43522237463119867,0,0,mem_normal,TN
normal_mem_01,88,147369,0.43522237463119867,0,0,mem_normal,TN
normal_mem_01,90,147369,0.43522237463119867,0,0,mem_normal,TN
normal_mem_01,92,147369,0.43522237463119867,0,0,mem_normal,TN
normal_mem_01,94,147369,0.43522237463119867,0,0,mem_normal,TN
normal_mem_01,96,147369,0.43522237463119867,0,0,mem_normal,TN
normal_mem_01,98,147369,0.43522237463119867,0,0,mem_normal,TN
normal_mem_01,100,147369,0.43522237463119867,0,0,mem_normal,TN
normal_mem_01,102,147369,0.43522237463119867,0,0,mem_normal,TN
normal_mem_01,104,147369,0.43522237463119867,0,0,mem_normal,TN
normal_mem_01,106,147369,0.43522237463119867,0,0,mem_normal,TN
normal_mem_01,108,147371,0.4352507483799386,0,0,mem_normal,TN
normal_mem_01,110,147371,0.4352507483799386,0,0,mem_normal,TN
normal_mem_01,112,147371,0.4352507483799386,0,0,mem_normal,TN
normal_mem_01,114,147371,0.4352507483799386,0,0,mem_normal,TN
normal_mem_01,116,147371,0.4352507483799386,0,0,mem_normal,TN
normal_mem_01,118,147371,0.4352507483799386,0,0,mem_normal,TN
normal_mem_01,120,147371,0.4352507483799386,0,0,mem_normal,TN
normal_mem_01,122,147369,0.43522237463119867,0,0,mem_normal,TN
normal_mem_01,124,147369,0.43522237463119867,0,0,mem_normal,TN
normal_mem_01,126,147369,0.43522237463119867,0,0,mem_normal,TN
normal_mem_01,128,147371,0.4352507483799386,0,0,mem_normal,TN
normal_mem_01,130,147369,0.43522237463119867,0,0,mem_normal,TN
normal_mem_01,132,147369,0.43522237463119867,0,0,mem_normal,TN
normal_mem_01,134,147371,0.4352507483799386,0,0,mem_normal,TN
normal_mem_01,136,147371,0.4352507483799386,0,0,mem_normal,TN
normal_mem_01,138,147371,0.4352507483799386,0,0,mem_normal,TN
normal_mem_01,140,147371,0.4352507483799386,0,0,mem_normal,TN
normal_mem_01,142,147371,0.4352507483799386,0,0,mem_normal,TN
normal_mem_01,144,147371,0.4352507483799386,0,0,mem_normal,TN
normal_mem_01,146,147371,0.4352507483799386,0,0,mem_normal,TN
normal_mem_01,148,147371,0.4352507483799386,0,0,mem_normal,TN
normal_mem_01,150,147371,0.4352507483799386,0,0,mem_normal,TN
normal_mem_01,152,147371,0.4352507483799386,0,0,mem_normal,TN
normal_mem_01,154,147371,0.4352507483799386,0,0,mem_normal,TN
normal_mem_01,156,147371,0.4352507483799386,0,0,mem_normal,TN
normal_mem_01,158,147376,0.43532168275178845,0,0,mem_normal,TN
normal_mem_01,160,147376,0.43532168275178845,0,0,mem_normal,TN
normal_mem_01,162,147381,0.4353926171236383,0,0,mem_normal,TN
normal_mem_01,164,147381,0.4353926171236383,0,0,mem_normal,TN
normal_mem_01,166,147381,0.4353926171236383,0,0,mem_normal,TN
normal_mem_01,168,147381,0.4353926171236383,0,0,mem_normal,TN
normal_mem_01,170,147381,0.4353926171236383,0,0,mem_normal,TN
normal_mem_01,172,147381,0.4353926171236383,0,0,mem_normal,TN
normal_mem_01,174,147381,0.4353926171236383,0,0,mem_normal,TN
normal_mem_01,176,147381,0.4353926171236383,0,0,mem_normal,TN
normal_mem_01,178,147381,0.4353926171236383,0,0,mem_normal,TN
normal_mem_01,180,147381,0.4353926171236383,0,0,mem_normal,TN
anomaly_thread_spike,0,1327,-1.6366571321075696,1,0,thread_spike,FN
anomaly_thread_spike,2,1327,-1.6366571321075696,1,0,thread_spike,FN
anomaly_thread_spike,4,1327,-1.6366571321075696,1,0,thread_spike,FN
anomaly_thread_spike,6,1327,-1.6366571321075696,1,0,thread_spike,FN
anomaly_thread_spike,8,1327,-1.6366571321075696,1,0,thread_spike,FN
anomaly_thread_spike,10,1321,-1.6367422533537894,1,0,thread_spike,FN
anomaly_thread_spike,12,1321,-1.6367422533537894,1,0,thread_spike,FN
anomaly_thread_spike,14,1327,-1.6366571321075696,1,0,thread_spike,FN
anomaly_thread_spike,16,1327,-1.6366571321075696,1,0,thread_spike,FN
anomaly_thread_spike,18,1327,-1.6366571321075696,1,0,thread_spike,FN
anomaly_thread_spike,20,1327,-1.6366571321075696,1,0,thread_spike,FN
anomaly_thread_spike,22,1327,-1.6366571321075696,1,0,thread_spike,FN
anomaly_thread_spike,24,1327,-1.6366571321075696,1,0,thread_spike,FN
anomaly_thread_spike,26,1327,-1.6366571321075696,1,0,thread_spike,FN
anomaly_thread_spike,28,1327,-1.6366571321075696,1,0,thread_spike,FN
anomaly_thread_spike,30,1327,-1.6366571321075696,1,0,thread_spike,FN
anomaly_thread_spike,32,1327,-1.6366571321075696,1,0,thread_spike,FN
anomaly_thread_spike,34,1327,-1.6366571321075696,1,0,thread_spike,FN
anomaly_thread_spike,36,1327,-1.6366571321075696,1,0,thread_spike,FN
anomaly_thread_spike,38,1327,-1.6366571321075696,1,0,thread_spike,FN
anomaly_thread_spike,40,1327,-1.6366571321075696,1,0,thread_spike,FN
anomaly_thread_spike,42,1328,-1.6366429452331996,1,0,thread_spike,FN
anomaly_thread_spike,44,1327,-1.6366571321075696,1,0,thread_spike,FN
anomaly_thread_spike,46,1327,-1.6366571321075696,1,0,thread_spike,FN
anomaly_thread_spike,48,1327,-1.6366571321075696,1,0,thread_spike,FN
anomaly_thread_spike,50,1327,-1.6366571321075696,1,0,thread_spike,FN
anomaly_thread_spike,52,1327,-1.6366571321075696,1,0,thread_spike,FN
anomaly_thread_spike,54,1327,-1.6366571321075696,1,0,thread_spike,FN
anomaly_thread_spike,56,1327,-1.6366571321075696,1,0,thread_spike,FN
anomaly_thread_spike,58,1327,-1.6366571321075696,1,0,thread_spike,FN
anomaly_thread_spike,60,1327,-1.6366571321075696,1,0,thread_spike,FN
anomaly_thread_spike,62,1327,-1.6366571321075696,1,0,thread_spike,FN
anomaly_thread_spike,64,1327,-1.6366571321075696,1,0,thread_spike,FN
anomaly_thread_spike,66,1327,-1.6366571321075696,1,0,thread_spike,FN
anomaly_thread_spike,68,1327,-1.6366571321075696,1,0,thread_spike,FN
anomaly_thread_spike,70,1327,-1.6366571321075696,1,0,thread_spike,FN
anomaly_thread_spike,72,1327,-1.6366571321075696,1,0,thread_spike,FN
anomaly_thread_spike,74,1327,-1.6366571321075696,1,0,thread_spike,FN
anomaly_thread_spike,76,1327,-1.6366571321075696,1,0,thread_spike,FN
anomaly_thread_spike,78,1327,-1.6366571321075696,1,0,thread_spike,FN
anomaly_thread_spike,80,1327,-1.6366571321075696,1,0,thread_spike,FN
anomaly_thread_spike,82,1327,-1.6366571321075696,1,0,thread_spike,FN
anomaly_thread_spike,84,1327,-1.6366571321075696,1,0,thread_spike,FN
anomaly_thread_spike,86,1327,-1.6366571321075696,1,0,thread_spike,FN
anomaly_thread_spike,88,1327,-1.6366571321075696,1,0,thread_spike,FN
anomaly_thread_spike,90,1327,-1.6366571321075696,1,0,thread_spike,FN
anomaly_thread_spike,92,1322,-1.6367280664794195,1,0,thread_spike,FN
anomaly_thread_spike,94,1321,-1.6367422533537894,1,0,thread_spike,FN
anomaly_thread_spike,96,1327,-1.6366571321075696,1,0,thread_spike,FN
anomaly_thread_spike,98,1327,-1.6366571321075696,1,0,thread_spike,FN
anomaly_thread_spike,100,1327,-1.6366571321075696,1,0,thread_spike,FN
anomaly_thread_spike,102,1327,-1.6366571321075696,1,0,thread_spike,FN
anomaly_thread_spike,104,1327,-1.6366571321075696,1,0,thread_spike,FN
anomaly_thread_spike,106,1327,-1.6366571321075696,1,0,thread_spike,FN
anomaly_thread_spike,108,1327,-1.6366571321075696,1,0,thread_spike,FN
anomaly_thread_spike,110,1327,-1.6366571321075696,1,0,thread_spike,FN
anomaly_thread_spike,112,1327,-1.6366571321075696,1,0,thread_spike,FN
anomaly_thread_spike,114,1322,-1.6367280664794195,1,0,thread_spike,FN
anomaly_thread_spike,116,1321,-1.6367422533537894,1,0,thread_spike,FN
anomaly_thread_spike,118,1319,-1.6367706271025293,1,0,thread_spike,FN
anomaly_thread_spike,120,1321,-1.6367422533537894,1,0,thread_spike,FN
anomaly_thread_spike,122,1321,-1.6367422533537894,1,0,thread_spike,FN
anomaly_thread_spike,124,1321,-1.6367422533537894,1,0,thread_spike,FN
anomaly_thread_spike,126,1321,-1.6367422533537894,1,0,thread_spike,FN
anomaly_thread_spike,128,1321,-1.6367422533537894,1,0,thread_spike,FN
anomaly_thread_spike,130,1321,-1.6367422533537894,1,0,thread_spike,FN
anomaly_thread_spike,132,1321,-1.6367422533537894,1,0,thread_spike,FN
anomaly_thread_spike,134,1321,-1.6367422533537894,1,0,thread_spike,FN
anomaly_thread_spike,136,1321,-1.6367422533537894,1,0,thread_spike,FN
anomaly_thread_spike,138,1321,-1.6367422533537894,1,0,thread_spike,FN
anomaly_thread_spike,140,1321,-1.6367422533537894,1,0,thread_spike,FN
anomaly_thread_spike,142,1321,-1.6367422533537894,1,0,thread_spike,FN
anomaly_thread_spike,144,1319,-1.6367706271025293,1,0,thread_spike,FN
anomaly_thread_spike,146,1321,-1.6367422533537894,1,0,thread_spike,FN
anomaly_thread_spike,148,1321,-1.6367422533537894,1,0,thread_spike,FN
anomaly_thread_spike,150,1321,-1.6367422533537894,1,0,thread_spike,FN
anomaly_thread_spike,152,1321,-1.6367422533537894,1,0,thread_spike,FN
anomaly_thread_spike,154,1321,-1.6367422533537894,1,0,thread_spike,FN
anomaly_thread_spike,156,1321,-1.6367422533537894,1,0,thread_spike,FN
anomaly_thread_spike,158,1321,-1.6367422533537894,1,0,thread_spike,FN
anomaly_thread_spike,160,1321,-1.6367422533537894,1,0,thread_spike,FN
anomaly_thread_spike,162,1327,-1.6366571321075696,1,0,thread_spike,FN
anomaly_thread_spike,164,1327,-1.6366571321075696,1,0,thread_spike,FN
anomaly_thread_spike,166,1327,-1.6366571321075696,1,0,thread_spike,FN
anomaly_thread_spike,168,1327,-1.6366571321075696,1,0,thread_spike,FN
anomaly_thread_spike,170,1327,-1.6366571321075696,1,0,thread_spike,FN
anomaly_thread_spike,172,1327,-1.6366571321075696,1,0,thread_spike,FN
anomaly_thread_spike,174,1327,-1.6366571321075696,1,0,thread_spike,FN
anomaly_thread_spike,176,1327,-1.6366571321075696,1,0,thread_spike,FN
anomaly_thread_spike,178,1327,-1.6366571321075696,1,0,thread_spike,FN
anomaly_thread_spike,180,1327,-1.6366571321075696,1,0,thread_spike,FN
normal_mem_04,0,206268,1.2708150881479043,0,0,mem_normal_heavy,TN
normal_mem_04,2,206268,1.2708150881479043,0,0,mem_normal_heavy,TN
normal_mem_04,4,206272,1.270871835645384,0,0,mem_normal_heavy,TN
normal_mem_04,6,206272,1.270871835645384,0,0,mem_normal_heavy,TN
normal_mem_04,8,206272,1.270871835645384,0,0,mem_normal_heavy,TN
normal_mem_04,10,206272,1.270871835645384,0,0,mem_normal_heavy,TN
normal_mem_04,12,206272,1.270871835645384,0,0,mem_normal_heavy,TN
normal_mem_04,14,206268,1.2708150881479043,0,0,mem_normal_heavy,TN
normal_mem_04,16,206268,1.2708150881479043,0,0,mem_normal_heavy,TN
normal_mem_04,18,206269,1.2708292750222743,0,0,mem_normal_heavy,TN
normal_mem_04,20,206269,1.2708292750222743,0,0,mem_normal_heavy,TN
normal_mem_04,22,206265,1.2707725275247943,0,0,mem_normal_heavy,TN
normal_mem_04,24,206265,1.2707725275247943,0,0,mem_normal_heavy,TN
normal_mem_04,26,206265,1.2707725275247943,0,0,mem_normal_heavy,TN
normal_mem_04,28,206269,1.2708292750222743,0,0,mem_normal_heavy,TN
normal_mem_04,30,206269,1.2708292750222743,0,0,mem_normal_heavy,TN
normal_mem_04,32,206269,1.2708292750222743,0,0,mem_normal_heavy,TN
normal_mem_04,34,206269,1.2708292750222743,0,0,mem_normal_heavy,TN
normal_mem_04,36,206269,1.2708292750222743,0,0,mem_normal_heavy,TN
normal_mem_04,38,206269,1.2708292750222743,0,0,mem_normal_heavy,TN
normal_mem_04,40,206269,1.2708292750222743,0,0,mem_normal_heavy,TN
normal_mem_04,42,206269,1.2708292750222743,0,0,mem_normal_heavy,TN
normal_mem_04,44,206269,1.2708292750222743,0,0,mem_normal_heavy,TN
normal_mem_04,46,206269,1.2708292750222743,0,0,mem_normal_heavy,TN
normal_mem_04,48,206269,1.2708292750222743,0,0,mem_normal_heavy,TN
normal_mem_04,50,206269,1.2708292750222743,0,0,mem_normal_heavy,TN
normal_mem_04,52,206269,1.2708292750222743,0,0,mem_normal_heavy,TN
normal_mem_04,54,206269,1.2708292750222743,0,0,mem_normal_heavy,TN
normal_mem_04,56,206265,1.2707725275247943,0,0,mem_normal_heavy,TN
normal_mem_04,58,206265,1.2707725275247943,0,0,mem_normal_heavy,TN
normal_mem_04,60,206265,1.2707725275247943,0,0,mem_normal_heavy,TN
normal_mem_04,62,206261,1.2707157800273146,0,0,mem_normal_heavy,TN
normal_mem_04,64,206260,1.2707015931529444,0,0,mem_normal_heavy,TN
normal_mem_04,66,206269,1.2708292750222743,0,0,mem_normal_heavy,TN
normal_mem_04,68,206269,1.2708292750222743,0,0,mem_normal_heavy,TN
normal_mem_04,70,206269,1.2708292750222743,0,0,mem_normal_heavy,TN
normal_mem_04,72,206265,1.2707725275247943,0,0,mem_normal_heavy,TN
normal_mem_04,74,206265,1.2707725275247943,0,0,mem_normal_heavy,TN
normal_mem_04,76,206269,1.2708292750222743,0,0,mem_normal_heavy,TN
normal_mem_04,78,206269,1.2708292750222743,0,0,mem_normal_heavy,TN
normal_mem_04,80,206269,1.2708292750222743,0,0,mem_normal_heavy,TN
normal_mem_04,82,206265,1.2707725275247943,0,0,mem_normal_heavy,TN
normal_mem_04,84,206265,1.2707725275247943,0,0,mem_normal_heavy,TN
normal_mem_04,86,206265,1.2707725275247943,0,0,mem_normal_heavy,TN
normal_mem_04,88,206265,1.2707725275247943,0,0,mem_normal_heavy,TN
normal_mem_04,90,206265,1.2707725275247943,0,0,mem_normal_heavy,TN
normal_mem_04,92,206265,1.2707725275247943,0,0,mem_normal_heavy,TN
normal_mem_04,94,206265,1.2707725275247943,0,0,mem_normal_heavy,TN
normal_mem_04,96,206265,1.2707725275247943,0,0,mem_normal_heavy,TN
normal_mem_04,98,206265,1.2707725275247943,0,0,mem_normal_heavy,TN
normal_mem_04,100,206265,1.2707725275247943,0,0,mem_normal_heavy,TN
normal_mem_04,102,206265,1.2707725275247943,0,0,mem_normal_heavy,TN
normal_mem_04,104,206265,1.2707725275247943,0,0,mem_normal_heavy,TN
normal_mem_04,106,206265,1.2707725275247943,0,0,mem_normal_heavy,TN
normal_mem_04,108,206261,1.2707157800273146,0,0,mem_normal_heavy,TN
normal_mem_04,110,206261,1.2707157800273146,0,0,mem_normal_heavy,TN
normal_mem_04,112,206260,1.2707015931529444,0,0,mem_normal_heavy,TN
normal_mem_04,114,206265,1.2707725275247943,0,0,mem_normal_heavy,TN
normal_mem_04,116,206265,1.2707725275247943,0,0,mem_normal_heavy,TN
normal_mem_04,118,206265,1.2707725275247943,0,0,mem_normal_heavy,TN
normal_mem_04,120,206265,1.2707725275247943,0,0,mem_normal_heavy,TN
normal_mem_04,122,206265,1.2707725275247943,0,0,mem_normal_heavy,TN
normal_mem_04,124,206265,1.2707725275247943,0,0,mem_normal_heavy,TN
normal_mem_04,126,206265,1.2707725275247943,0,0,mem_normal_heavy,TN
normal_mem_04,128,206265,1.2707725275247943,0,0,mem_normal_heavy,TN
normal_mem_04,130,206265,1.2707725275247943,0,0,mem_normal_heavy,TN
normal_mem_04,132,206265,1.2707725275247943,0,0,mem_normal_heavy,TN
normal_mem_04,134,206265,1.2707725275247943,0,0,mem_normal_heavy,TN
normal_mem_04,136,206265,1.2707725275247943,0,0,mem_normal_heavy,TN
normal_mem_04,138,206268,1.2708150881479043,0,0,mem_normal_heavy,TN
normal_mem_04,140,206262,1.2707299669016845,0,0,mem_normal_heavy,TN
normal_mem_04,142,206261,1.2707157800273146,0,0,mem_normal_heavy,TN
normal_mem_04,144,206261,1.2707157800273146,0,0,mem_normal_heavy,TN
normal_mem_04,146,206268,1.2708150881479043,0,0,mem_normal_heavy,TN
normal_mem_04,148,206268,1.2708150881479043,0,0,mem_normal_heavy,TN
normal_mem_04,150,206268,1.2708150881479043,0,0,mem_normal_heavy,TN
normal_mem_04,152,206268,1.2708150881479043,0,0,mem_normal_heavy,TN
normal_mem_04,154,206268,1.2708150881479043,0,0,mem_normal_heavy,TN
normal_mem_04,156,206268,1.2708150881479043,0,0,mem_normal_heavy,TN
normal_mem_04,158,206268,1.2708150881479043,0,0,mem_normal_heavy,TN
normal_mem_04,160,206268,1.2708150881479043,0,0,mem_normal_heavy,TN
normal_mem_04,162,206268,1.2708150881479043,0,0,mem_normal_heavy,TN
normal_mem_04,164,206268,1.2708150881479043,0,0,mem_normal_heavy,TN
normal_mem_04,166,206268,1.2708150881479043,0,0,mem_normal_heavy,TN
normal_mem_04,168,206268,1.2708150881479043,0,0,mem_normal_heavy,TN
normal_mem_04,170,206268,1.2708150881479043,0,0,mem_normal_heavy,TN
normal_mem_04,172,206268,1.2708150881479043,0,0,mem_normal_heavy,TN
normal_mem_04,174,206268,1.2708150881479043,0,0,mem_normal_heavy,TN
normal_mem_04,176,206268,1.2708150881479043,0,0,mem_normal_heavy,TN
normal_mem_04,178,206268,1.2708150881479043,0,0,mem_normal_heavy,TN
normal_mem_04,180,0,-1.6554831143965163,0,0,mem_normal_heavy,TN
normal_mem_03,0,98833,-0.25335175978953545,0,0,mem_normal_light,TN
normal_mem_03,2,98833,-0.25335175978953545,0,0,mem_normal_light,TN
normal_mem_03,4,98833,-0.25335175978953545,0,0,mem_normal_light,TN
normal_mem_03,6,98829,-0.2534085072870153,0,0,mem_normal_light,TN
normal_mem_03,8,98829,-0.2534085072870153,0,0,mem_normal_light,TN
normal_mem_03,10,98832,-0.25336594666390544,0,0,mem_normal_light,TN
normal_mem_03,12,98835,-0.2533233860407955,0,0,mem_normal_light,TN
normal_mem_03,14,98835,-0.2533233860407955,0,0,mem_normal_light,TN
normal_mem_03,16,98835,-0.2533233860407955,0,0,mem_normal_light,TN
normal_mem_03,18,98833,-0.25335175978953545,0,0,mem_normal_light,TN
normal_mem_03,20,98833,-0.25335175978953545,0,0,mem_normal_light,TN
normal_mem_03,22,98835,-0.2533233860407955,0,0,mem_normal_light,TN
normal_mem_03,24,98837,-0.2532950122920556,0,0,mem_normal_light,TN
normal_mem_03,26,98835,-0.2533233860407955,0,0,mem_normal_light,TN
normal_mem_03,28,98833,-0.25335175978953545,0,0,mem_normal_light,TN
normal_mem_03,30,98833,-0.25335175978953545,0,0,mem_normal_light,TN
normal_mem_03,32,98833,-0.25335175978953545,0,0,mem_normal_light,TN
normal_mem_03,34,98833,-0.25335175978953545,0,0,mem_normal_light,TN
normal_mem_03,36,98833,-0.25335175978953545,0,0,mem_normal_light,TN
normal_mem_03,38,98835,-0.2533233860407955,0,0,mem_normal_light,TN
normal_mem_03,40,98835,-0.2533233860407955,0,0,mem_normal_light,TN
normal_mem_03,42,98835,-0.2533233860407955,0,0,mem_normal_light,TN
normal_mem_03,44,98835,-0.2533233860407955,0,0,mem_normal_light,TN
normal_mem_03,46,98835,-0.2533233860407955,0,0,mem_normal_light,TN
normal_mem_03,48,98835,-0.2533233860407955,0,0,mem_normal_light,TN
normal_mem_03,50,98835,-0.2533233860407955,0,0,mem_normal_light,TN
normal_mem_03,52,98835,-0.2533233860407955,0,0,mem_normal_light,TN
normal_mem_03,54,98833,-0.25335175978953545,0,0,mem_normal_light,TN
normal_mem_03,56,98836,-0.2533091991664256,0,0,mem_normal_light,TN
normal_mem_03,58,98836,-0.2533091991664256,0,0,mem_normal_light,TN
normal_mem_03,60,98836,-0.2533091991664256,0,0,mem_normal_light,TN
normal_mem_03,62,98836,-0.2533091991664256,0,0,mem_normal_light,TN
normal_mem_03,64,98836,-0.2533091991664256,0,0,mem_normal_light,TN
normal_mem_03,66,98836,-0.2533091991664256,0,0,mem_normal_light,TN
normal_mem_03,68,98836,-0.2533091991664256,0,0,mem_normal_light,TN
normal_mem_03,70,98836,-0.2533091991664256,0,0,mem_normal_light,TN
normal_mem_03,72,98836,-0.2533091991664256,0,0,mem_normal_light,TN
normal_mem_03,74,98836,-0.2533091991664256,0,0,mem_normal_light,TN
normal_mem_03,76,98836,-0.2533091991664256,0,0,mem_normal_light,TN
normal_mem_03,78,98836,-0.2533091991664256,0,0,mem_normal_light,TN
normal_mem_03,80,98836,-0.2533091991664256,0,0,mem_normal_light,TN
normal_mem_03,82,98836,-0.2533091991664256,0,0,mem_normal_light,TN
normal_mem_03,84,98834,-0.2533375729151655,0,0,mem_normal_light,TN
normal_mem_03,86,98834,-0.2533375729151655,0,0,mem_normal_light,TN
normal_mem_03,88,98836,-0.2533091991664256,0,0,mem_normal_light,TN
normal_mem_03,90,98836,-0.2533091991664256,0,0,mem_normal_light,TN
normal_mem_03,92,98836,-0.2533091991664256,0,0,mem_normal_light,TN
normal_mem_03,94,98836,-0.2533091991664256,0,0,mem_normal_light,TN
normal_mem_03,96,98836,-0.2533091991664256,0,0,mem_normal_light,TN
normal_mem_03,98,98836,-0.2533091991664256,0,0,mem_normal_light,TN
normal_mem_03,100,98836,-0.2533091991664256,0,0,mem_normal_light,TN
normal_mem_03,102,98836,-0.2533091991664256,0,0,mem_normal_light,TN
normal_mem_03,104,98836,-0.2533091991664256,0,0,mem_normal_light,TN
normal_mem_03,106,98841,-0.25323826479457573,0,0,mem_normal_light,TN
normal_mem_03,108,98841,-0.25323826479457573,0,0,mem_normal_light,TN
normal_mem_03,110,98841,-0.25323826479457573,0,0,mem_normal_light,TN
normal_mem_03,112,98841,-0.25323826479457573,0,0,mem_normal_light,TN
normal_mem_03,114,98841,-0.25323826479457573,0,0,mem_normal_light,TN
normal_mem_03,116,98841,-0.25323826479457573,0,0,mem_normal_light,TN
normal_mem_03,118,98841,-0.25323826479457573,0,0,mem_normal_light,TN
normal_mem_03,120,98841,-0.25323826479457573,0,0,mem_normal_light,TN
normal_mem_03,122,98841,-0.25323826479457573,0,0,mem_normal_light,TN
normal_mem_03,124,98841,-0.25323826479457573,0,0,mem_normal_light,TN
normal_mem_03,126,98841,-0.25323826479457573,0,0,mem_normal_light,TN
normal_mem_03,128,98836,-0.2533091991664256,0,0,mem_normal_light,TN
normal_mem_03,130,98834,-0.2533375729151655,0,0,mem_normal_light,TN
normal_mem_03,132,98836,-0.2533091991664256,0,0,mem_normal_light,TN
normal_mem_03,134,98836,-0.2533091991664256,0,0,mem_normal_light,TN
normal_mem_03,136,98841,-0.25323826479457573,0,0,mem_normal_light,TN
normal_mem_03,138,98841,-0.25323826479457573,0,0,mem_normal_light,TN
normal_mem_03,140,98841,-0.25323826479457573,0,0,mem_normal_light,TN
normal_mem_03,142,98837,-0.2532950122920556,0,0,mem_normal_light,TN
normal_mem_03,144,98836,-0.2533091991664256,0,0,mem_normal_light,TN
normal_mem_03,146,98841,-0.25323826479457573,0,0,mem_normal_light,TN
normal_mem_03,148,98841,-0.25323826479457573,0,0,mem_normal_light,TN
normal_mem_03,150,98841,-0.25323826479457573,0,0,mem_normal_light,TN
normal_mem_03,152,98841,-0.25323826479457573,0,0,mem_normal_light,TN
normal_mem_03,154,98841,-0.25323826479457573,0,0,mem_normal_light,TN
normal_mem_03,156,98845,-0.25318151729709587,0,0,mem_normal_light,TN
normal_mem_03,158,98845,-0.25318151729709587,0,0,mem_normal_light,TN
normal_mem_03,160,98845,-0.25318151729709587,0,0,mem_normal_light,TN
normal_mem_03,162,98845,-0.25318151729709587,0,0,mem_normal_light,TN
normal_mem_03,164,98845,-0.25318151729709587,0,0,mem_normal_light,TN
normal_mem_03,166,98845,-0.25318151729709587,0,0,mem_normal_light,TN
normal_mem_03,168,98845,-0.25318151729709587,0,0,mem_normal_light,TN
normal_mem_03,170,98841,-0.25323826479457573,0,0,mem_normal_light,TN
normal_mem_03,172,98837,-0.2532950122920556,0,0,mem_normal_light,TN
normal_mem_03,174,98844,-0.2531957041714658,0,0,mem_normal_light,TN
normal_mem_03,176,98844,-0.2531957041714658,0,0,mem_normal_light,TN
normal_mem_03,178,98844,-0.2531957041714658,0,0,mem_normal_light,TN
normal_mem_03,180,98844,-0.2531957041714658,0,0,mem_normal_light,TN
normal_cpu_01,0,1206,-1.6383737439063357,0,0,cpu_normal,TN
normal_cpu_01,2,1206,-1.6383737439063357,0,0,cpu_normal,TN
normal_cpu_01,4,1211,-1.6383028095344858,0,0,cpu_normal,TN
normal_cpu_01,6,1211,-1.6383028095344858,0,0,cpu_normal,TN
normal_cpu_01,8,1211,-1.6383028095344858,0,0,cpu_normal,TN
normal_cpu_01,10,1211,-1.6383028095344858,0,0,cpu_normal,TN
normal_cpu_01,12,1211,-1.6383028095344858,0,0,cpu_normal,TN
normal_cpu_01,14,1211,-1.6383028095344858,0,0,cpu_normal,TN
normal_cpu_01,16,1216,-1.638231875162636,0,0,cpu_normal,TN
normal_cpu_01,18,1216,-1.638231875162636,0,0,cpu_normal,TN
normal_cpu_01,20,1216,-1.638231875162636,0,0,cpu_normal,TN
normal_cpu_01,22,1216,-1.638231875162636,0,0,cpu_normal,TN
normal_cpu_01,24,1216,-1.638231875162636,0,0,cpu_normal,TN
normal_cpu_01,26,1216,-1.638231875162636,0,0,cpu_normal,TN
normal_cpu_01,28,1216,-1.638231875162636,0,0,cpu_normal,TN
normal_cpu_01,30,1216,-1.638231875162636,0,0,cpu_normal,TN
normal_cpu_01,32,1216,-1.638231875162636,0,0,cpu_normal,TN
normal_cpu_01,34,1216,-1.638231875162636,0,0,cpu_normal,TN
normal_cpu_01,36,1216,-1.638231875162636,0,0,cpu_normal,TN
normal_cpu_01,38,1211,-1.6383028095344858,0,0,cpu_normal,TN
normal_cpu_01,40,1211,-1.6383028095344858,0,0,cpu_normal,TN
normal_cpu_01,42,1216,-1.638231875162636,0,0,cpu_normal,TN
normal_cpu_01,44,1216,-1.638231875162636,0,0,cpu_normal,TN
normal_cpu_01,46,1216,-1.638231875162636,0,0,cpu_normal,TN
normal_cpu_01,48,1216,-1.638231875162636,0,0,cpu_normal,TN
normal_cpu_01,50,1211,-1.6383028095344858,0,0,cpu_normal,TN
normal_cpu_01,52,1211,-1.6383028095344858,0,0,cpu_normal,TN
normal_cpu_01,54,1211,-1.6383028095344858,0,0,cpu_normal,TN
normal_cpu_01,56,1211,-1.6383028095344858,0,0,cpu_normal,TN
normal_cpu_01,58,1211,-1.6383028095344858,0,0,cpu_normal,TN
normal_cpu_01,60,1211,-1.6383028095344858,0,0,cpu_normal,TN
normal_cpu_01,62,1211,-1.6383028095344858,0,0,cpu_normal,TN
normal_cpu_01,64,1209,-1.6383311832832257,0,0,cpu_normal,TN
normal_cpu_01,66,1211,-1.6383028095344858,0,0,cpu_normal,TN
normal_cpu_01,68,1211,-1.6383028095344858,0,0,cpu_normal,TN
normal_cpu_01,70,1211,-1.6383028095344858,0,0,cpu_normal,TN
normal_cpu_01,72,1211,-1.6383028095344858,0,0,cpu_normal,TN
normal_cpu_01,74,1211,-1.6383028095344858,0,0,cpu_normal,TN
normal_cpu_01,76,1211,-1.6383028095344858,0,0,cpu_normal,TN
normal_cpu_01,78,1211,-1.6383028095344858,0,0,cpu_normal,TN
normal_cpu_01,80,1211,-1.6383028095344858,0,0,cpu_normal,TN
normal_cpu_01,82,1211,-1.6383028095344858,0,0,cpu_normal,TN
normal_cpu_01,84,1211,-1.6383028095344858,0,0,cpu_normal,TN
normal_cpu_01,86,1211,-1.6383028095344858,0,0,cpu_normal,TN
normal_cpu_01,88,1211,-1.6383028095344858,0,0,cpu_normal,TN
normal_cpu_01,90,1211,-1.6383028095344858,0,0,cpu_normal,TN
normal_cpu_01,92,1211,-1.6383028095344858,0,0,cpu_normal,TN
normal_cpu_01,94,1211,-1.6383028095344858,0,0,cpu_normal,TN
normal_cpu_01,96,1211,-1.6383028095344858,0,0,cpu_normal,TN
normal_cpu_01,98,1211,-1.6383028095344858,0,0,cpu_normal,TN
normal_cpu_01,100,1211,-1.6383028095344858,0,0,cpu_normal,TN
normal_cpu_01,102,1211,-1.6383028095344858,0,0,cpu_normal,TN
normal_cpu_01,104,1211,-1.6383028095344858,0,0,cpu_normal,TN
normal_cpu_01,106,1211,-1.6383028095344858,0,0,cpu_normal,TN
normal_cpu_01,108,1211,-1.6383028095344858,0,0,cpu_normal,TN
normal_cpu_01,110,1211,-1.6383028095344858,0,0,cpu_normal,TN
normal_cpu_01,112,1211,-1.6383028095344858,0,0,cpu_normal,TN
normal_cpu_01,114,1211,-1.6383028095344858,0,0,cpu_normal,TN
normal_cpu_01,116,1211,-1.6383028095344858,0,0,cpu_normal,TN
normal_cpu_01,118,1211,-1.6383028095344858,0,0,cpu_normal,TN
normal_cpu_01,120,1211,-1.6383028095344858,0,0,cpu_normal,TN
normal_cpu_01,122,1211,-1.6383028095344858,0,0,cpu_normal,TN
normal_cpu_01,124,1211,-1.6383028095344858,0,0,cpu_normal,TN
normal_cpu_01,126,1211,-1.6383028095344858,0,0,cpu_normal,TN
normal_cpu_01,128,1211,-1.6383028095344858,0,0,cpu_normal,TN
normal_cpu_01,130,1211,-1.6383028095344858,0,0,cpu_normal,TN
normal_cpu_01,132,1211,-1.6383028095344858,0,0,cpu_normal,TN
normal_cpu_01,134,1211,-1.6383028095344858,0,0,cpu_normal,TN
normal_cpu_01,136,1211,-1.6383028095344858,0,0,cpu_normal,TN
normal_cpu_01,138,1211,-1.6383028095344858,0,0,cpu_normal,TN
normal_cpu_01,140,1211,-1.6383028095344858,0,0,cpu_normal,TN
normal_cpu_01,142,1211,-1.6383028095344858,0,0,cpu_normal,TN
normal_cpu_01,144,1211,-1.6383028095344858,0,0,cpu_normal,TN
normal_cpu_01,146,1211,-1.6383028095344858,0,0,cpu_normal,TN
normal_cpu_01,148,1211,-1.6383028095344858,0,0,cpu_normal,TN
normal_cpu_01,150,1211,-1.6383028095344858,0,0,cpu_normal,TN
normal_cpu_01,152,1211,-1.6383028095344858,0,0,cpu_normal,TN
normal_cpu_01,154,1211,-1.6383028095344858,0,0,cpu_normal,TN
normal_cpu_01,156,1211,-1.6383028095344858,0,0,cpu_normal,TN
normal_cpu_01,158,1209,-1.6383311832832257,0,0,cpu_normal,TN
normal_cpu_01,160,1209,-1.6383311832832257,0,0,cpu_normal,TN
normal_cpu_01,162,1206,-1.6383737439063357,0,0,cpu_normal,TN
normal_cpu_01,164,1206,-1.6383737439063357,0,0,cpu_normal,TN
normal_cpu_01,166,1206,-1.6383737439063357,0,0,cpu_normal,TN
normal_cpu_01,168,1211,-1.6383028095344858,0,0,cpu_normal,TN
normal_cpu_01,170,1216,-1.638231875162636,0,0,cpu_normal,TN
normal_cpu_01,172,1216,-1.638231875162636,0,0,cpu_normal,TN
normal_cpu_01,174,1216,-1.638231875162636,0,0,cpu_normal,TN
normal_cpu_01,176,1216,-1.638231875162636,0,0,cpu_normal,TN
normal_cpu_01,178,1216,-1.638231875162636,0,0,cpu_normal,TN
normal_cpu_01,180,1216,-1.638231875162636,0,0,cpu_normal,TN
anomaly_io_burst,0,1265,-1.6375367183185077,1,0,io_burst,FN
anomaly_io_burst,2,1265,-1.6375367183185077,1,0,io_burst,FN
anomaly_io_burst,4,1265,-1.6375367183185077,1,0,io_burst,FN
anomaly_io_burst,6,1265,-1.6375367183185077,1,0,io_burst,FN
anomaly_io_burst,8,1265,-1.6375367183185077,1,0,io_burst,FN
anomaly_io_burst,10,1265,-1.6375367183185077,1,0,io_burst,FN
anomaly_io_burst,12,1270,-1.6374657839466578,1,0,io_burst,FN
anomaly_io_burst,14,1270,-1.6374657839466578,1,0,io_burst,FN
anomaly_io_burst,16,1270,-1.6374657839466578,1,0,io_burst,FN
anomaly_io_burst,18,1270,-1.6374657839466578,1,0,io_burst,FN
anomaly_io_burst,20,1270,-1.6374657839466578,1,0,io_burst,FN
anomaly_io_burst,22,1265,-1.6375367183185077,1,0,io_burst,FN
anomaly_io_burst,24,1265,-1.6375367183185077,1,0,io_burst,FN
anomaly_io_burst,26,1265,-1.6375367183185077,1,0,io_burst,FN
normal_mem_02,0,147384,0.4354351777467482,0,0,mem_normal,TN
normal_mem_02,2,147384,0.4354351777467482,0,0,mem_normal,TN
normal_mem_02,4,147384,0.4354351777467482,0,0,mem_normal,TN
normal_mem_02,6,147384,0.4354351777467482,0,0,mem_normal,TN
normal_mem_02,8,147384,0.4354351777467482,0,0,mem_normal,TN
normal_mem_02,10,147377,0.43533586962615844,0,0,mem_normal,TN
normal_mem_02,12,147377,0.43533586962615844,0,0,mem_normal,TN
normal_mem_02,14,147384,0.4354351777467482,0,0,mem_normal,TN
normal_mem_02,16,147384,0.4354351777467482,0,0,mem_normal,TN
normal_mem_02,18,147384,0.4354351777467482,0,0,mem_normal,TN
normal_mem_02,20,147384,0.4354351777467482,0,0,mem_normal,TN
normal_mem_02,22,147384,0.4354351777467482,0,0,mem_normal,TN
normal_mem_02,24,147384,0.4354351777467482,0,0,mem_normal,TN
normal_mem_02,26,147384,0.4354351777467482,0,0,mem_normal,TN
normal_mem_02,28,147384,0.4354351777467482,0,0,mem_normal,TN
normal_mem_02,30,147384,0.4354351777467482,0,0,mem_normal,TN
normal_mem_02,32,147384,0.4354351777467482,0,0,mem_normal,TN
normal_mem_02,34,147384,0.4354351777467482,0,0,mem_normal,TN
normal_mem_02,36,147384,0.4354351777467482,0,0,mem_normal,TN
normal_mem_02,38,147384,0.4354351777467482,0,0,mem_normal,TN
normal_mem_02,40,147384,0.4354351777467482,0,0,mem_normal,TN
normal_mem_02,42,147384,0.4354351777467482,0,0,mem_normal,TN
normal_mem_02,44,147385,0.43544936462111816,0,0,mem_normal,TN
normal_mem_02,46,147381,0.4353926171236383,0,0,mem_normal,TN
normal_mem_02,48,147380,0.4353784302492683,0,0,mem_normal,TN
normal_mem_02,50,147380,0.4353784302492683,0,0,mem_normal,TN
normal_mem_02,52,147380,0.4353784302492683,0,0,mem_normal,TN
normal_mem_02,54,147385,0.43544936462111816,0,0,mem_normal,TN
normal_mem_02,56,147680,0.43963449256025855,0,0,mem_normal,TN
normal_mem_02,58,147680,0.43963449256025855,0,0,mem_normal,TN
normal_mem_02,60,147680,0.43963449256025855,0,0,mem_normal,TN
normal_mem_02,62,147680,0.43963449256025855,0,0,mem_normal,TN
normal_mem_02,64,147680,0.43963449256025855,0,0,mem_normal,TN
normal_mem_02,66,147680,0.43963449256025855,0,0,mem_normal,TN
normal_mem_02,68,147680,0.43963449256025855,0,0,mem_normal,TN
normal_mem_02,70,147680,0.43963449256025855,0,0,mem_normal,TN
normal_mem_02,72,147680,0.43963449256025855,0,0,mem_normal,TN
normal_mem_02,74,147676,0.43957774506277864,0,0,mem_normal,TN
normal_mem_02,76,147676,0.43957774506277864,0,0,mem_normal,TN
normal_mem_02,78,147676,0.43957774506277864,0,0,mem_normal,TN
normal_mem_02,80,147680,0.43963449256025855,0,0,mem_normal,TN
normal_mem_02,82,147680,0.43963449256025855,0,0,mem_normal,TN
normal_mem_02,84,147676,0.43957774506277864,0,0,mem_normal,TN
normal_mem_02,86,147676,0.43957774506277864,0,0,mem_normal,TN
normal_mem_02,88,147670,0.43949262381655885,0,0,mem_normal,TN
normal_mem_02,90,147668,0.4394642500678189,0,0,mem_normal,TN
normal_mem_02,92,147673,0.43953518443966877,0,0,mem_normal,TN
normal_mem_02,94,147673,0.43953518443966877,0,0,mem_normal,TN
normal_mem_02,96,147673,0.43953518443966877,0,0,mem_normal,TN
normal_mem_02,98,147673,0.43953518443966877,0,0,mem_normal,TN
normal_mem_02,100,147673,0.43953518443966877,0,0,mem_normal,TN
normal_mem_02,102,147673,0.43953518443966877,0,0,mem_normal,TN
normal_mem_02,104,147673,0.43953518443966877,0,0,mem_normal,TN
normal_mem_02,106,147673,0.43953518443966877,0,0,mem_normal,TN
normal_mem_02,108,147673,0.43953518443966877,0,0,mem_normal,TN
normal_mem_02,110,147673,0.43953518443966877,0,0,mem_normal,TN
normal_mem_02,112,147673,0.43953518443966877,0,0,mem_normal,TN
normal_mem_02,114,147673,0.43953518443966877,0,0,mem_normal,TN
normal_mem_02,116,147673,0.43953518443966877,0,0,mem_normal,TN
normal_mem_02,118,147673,0.43953518443966877,0,0,mem_normal,TN
normal_mem_02,120,147673,0.43953518443966877,0,0,mem_normal,TN
normal_mem_02,122,147673,0.43953518443966877,0,0,mem_normal,TN
normal_mem_02,124,147673,0.43953518443966877,0,0,mem_normal,TN
normal_mem_02,126,147669,0.4394784369421889,0,0,mem_normal,TN
normal_mem_02,128,147666,0.439435876319079,0,0,mem_normal,TN
normal_mem_02,130,147666,0.439435876319079,0,0,mem_normal,TN
normal_mem_02,132,147669,0.4394784369421889,0,0,mem_normal,TN
normal_mem_02,134,147669,0.4394784369421889,0,0,mem_normal,TN
normal_mem_02,136,147669,0.4394784369421889,0,0,mem_normal,TN
normal_mem_02,138,147669,0.4394784369421889,0,0,mem_normal,TN
normal_mem_02,140,147669,0.4394784369421889,0,0,mem_normal,TN
normal_mem_02,142,147669,0.4394784369421889,0,0,mem_normal,TN
normal_mem_02,144,147669,0.4394784369421889,0,0,mem_normal,TN
normal_mem_02,146,147669,0.4394784369421889,0,0,mem_normal,TN
normal_mem_02,148,147669,0.4394784369421889,0,0,mem_normal,TN
normal_mem_02,150,147669,0.4394784369421889,0,0,mem_normal,TN
normal_mem_02,152,147669,0.4394784369421889,0,0,mem_normal,TN
normal_mem_02,154,147669,0.4394784369421889,0,0,mem_normal,TN
normal_mem_02,156,147669,0.4394784369421889,0,0,mem_normal,TN
normal_mem_02,158,147669,0.4394784369421889,0,0,mem_normal,TN
normal_mem_02,160,147669,0.4394784369421889,0,0,mem_normal,TN
normal_mem_02,162,147669,0.4394784369421889,0,0,mem_normal,TN
normal_mem_02,164,147669,0.4394784369421889,0,0,mem_normal,TN
normal_mem_02,166,147669,0.4394784369421889,0,0,mem_normal,TN
normal_mem_02,168,147669,0.4394784369421889,0,0,mem_normal,TN
normal_mem_02,170,147669,0.4394784369421889,0,0,mem_normal,TN
normal_mem_02,172,147669,0.4394784369421889,0,0,mem_normal,TN
normal_mem_02,174,147669,0.4394784369421889,0,0,mem_normal,TN
normal_mem_02,176,147669,0.4394784369421889,0,0,mem_normal,TN
normal_mem_02,178,147669,0.4394784369421889,0,0,mem_normal,TN
normal_mem_02,180,0,-1.6554831143965163,0,0,mem_normal,TN
anomaly_combined,0,511687,5.603756071348955,1,1,combined,TP
anomaly_combined,2,938785,11.66294174101326,1,1,combined,TP
anomaly_combined,4,938785,11.66294174101326,1,1,combined,TP
anomaly_combined,6,938777,11.6628282460183,1,1,combined,TP
anomaly_combined,8,938776,11.66281405914393,1,1,combined,TP
anomaly_combined,10,938776,11.66281405914393,1,1,combined,TP
anomaly_combined,12,938776,11.66281405914393,1,1,combined,TP
anomaly_combined,14,938776,11.66281405914393,1,1,combined,TP
anomaly_combined,16,938776,11.66281405914393,1,1,combined,TP
anomaly_combined,18,938776,11.66281405914393,1,1,combined,TP
anomaly_combined,20,938776,11.66281405914393,1,1,combined,TP
anomaly_combined,22,938774,11.66278568539519,1,1,combined,TP
anomaly_combined,24,938774,11.66278568539519,1,1,combined,TP
anomaly_combined,26,938776,11.66281405914393,1,1,combined,TP
anomaly_combined,28,938776,11.66281405914393,1,1,combined,TP
anomaly_combined,30,938785,11.66294174101326,1,1,combined,TP
anomaly_combined,32,938785,11.66294174101326,1,1,combined,TP
anomaly_combined,34,938785,11.66294174101326,1,1,combined,TP
anomaly_combined,36,938785,11.66294174101326,1,1,combined,TP
anomaly_combined,38,938785,11.66294174101326,1,1,combined,TP
anomaly_combined,40,938785,11.66294174101326,1,1,combined,TP
anomaly_combined,42,938785,11.66294174101326,1,1,combined,TP
anomaly_combined,44,938785,11.66294174101326,1,1,combined,TP
anomaly_combined,46,938785,11.66294174101326,1,1,combined,TP
anomaly_combined,48,938785,11.66294174101326,1,1,combined,TP
anomaly_combined,50,938785,11.66294174101326,1,1,combined,TP
anomaly_combined,52,938785,11.66294174101326,1,1,combined,TP
anomaly_combined,54,938785,11.66294174101326,1,1,combined,TP
anomaly_combined,56,938785,11.66294174101326,1,1,combined,TP
anomaly_combined,58,938785,11.66294174101326,1,1,combined,TP
anomaly_combined,60,938785,11.66294174101326,1,1,combined,TP
anomaly_combined,62,938785,11.66294174101326,1,1,combined,TP
anomaly_combined,64,938785,11.66294174101326,1,1,combined,TP
anomaly_combined,66,938785,11.66294174101326,1,1,combined,TP
anomaly_combined,68,938785,11.66294174101326,1,1,combined,TP
anomaly_combined,70,938785,11.66294174101326,1,1,combined,TP
anomaly_combined,72,938785,11.66294174101326,1,1,combined,TP
anomaly_combined,74,938785,11.66294174101326,1,1,combined,TP
anomaly_combined,76,938785,11.66294174101326,1,1,combined,TP
anomaly_combined,78,938785,11.66294174101326,1,1,combined,TP
anomaly_combined,80,938785,11.66294174101326,1,1,combined,TP
anomaly_combined,82,938785,11.66294174101326,1,1,combined,TP
anomaly_combined,84,938785,11.66294174101326,1,1,combined,TP
anomaly_combined,86,938785,11.66294174101326,1,1,combined,TP
anomaly_combined,88,938785,11.66294174101326,1,1,combined,TP
anomaly_combined,90,938785,11.66294174101326,1,1,combined,TP
anomaly_combined,92,938785,11.66294174101326,1,1,combined,TP
anomaly_combined,94,938785,11.66294174101326,1,1,combined,TP
anomaly_combined,96,938785,11.66294174101326,1,1,combined,TP
anomaly_combined,98,938785,11.66294174101326,1,1,combined,TP
anomaly_combined,100,938785,11.66294174101326,1,1,combined,TP
anomaly_combined,102,938785,11.66294174101326,1,1,combined,TP
anomaly_combined,104,938777,11.6628282460183,1,1,combined,TP
anomaly_combined,106,938776,11.66281405914393,1,1,combined,TP
anomaly_combined,108,938776,11.66281405914393,1,1,combined,TP
anomaly_combined,110,938776,11.66281405914393,1,1,combined,TP
anomaly_combined,112,938776,11.66281405914393,1,1,combined,TP
anomaly_combined,114,938776,11.66281405914393,1,1,combined,TP
anomaly_combined,116,938776,11.66281405914393,1,1,combined,TP
anomaly_combined,118,938776,11.66281405914393,1,1,combined,TP
anomaly_combined,120,938776,11.66281405914393,1,1,combined,TP
anomaly_combined,122,938776,11.66281405914393,1,1,combined,TP
anomaly_combined,124,938776,11.66281405914393,1,1,combined,TP
anomaly_combined,126,938785,11.66294174101326,1,1,combined,TP
anomaly_combined,128,938785,11.66294174101326,1,1,combined,TP
anomaly_combined,130,938785,11.66294174101326,1,1,combined,TP
anomaly_combined,132,938785,11.66294174101326,1,1,combined,TP
anomaly_combined,134,938785,11.66294174101326,1,1,combined,TP
anomaly_combined,136,938785,11.66294174101326,1,1,combined,TP
anomaly_combined,138,938785,11.66294174101326,1,1,combined,TP
anomaly_combined,140,938785,11.66294174101326,1,1,combined,TP
anomaly_combined,142,938785,11.66294174101326,1,1,combined,TP
anomaly_combined,144,938785,11.66294174101326,1,1,combined,TP
anomaly_combined,146,938785,11.66294174101326,1,1,combined,TP
anomaly_combined,148,938785,11.66294174101326,1,1,combined,TP
anomaly_combined,150,938785,11.66294174101326,1,1,combined,TP
anomaly_combined,152,938785,11.66294174101326,1,1,combined,TP
anomaly_combined,154,938785,11.66294174101326,1,1,combined,TP
anomaly_combined,156,938785,11.66294174101326,1,1,combined,TP
anomaly_combined,158,938785,11.66294174101326,1,1,combined,TP
anomaly_combined,160,938785,11.66294174101326,1,1,combined,TP
anomaly_combined,162,938785,11.66294174101326,1,1,combined,TP
anomaly_combined,164,938785,11.66294174101326,1,1,combined,TP
anomaly_combined,166,938785,11.66294174101326,1,1,combined,TP
anomaly_combined,168,938785,11.66294174101326,1,1,combined,TP
anomaly_combined,170,938785,11.66294174101326,1,1,combined,TP
anomaly_combined,172,938785,11.66294174101326,1,1,combined,TP
anomaly_combined,174,938785,11.66294174101326,1,1,combined,TP
anomaly_combined,176,938785,11.66294174101326,1,1,combined,TP
anomaly_combined,178,938785,11.66294174101326,1,1,combined,TP
anomaly_combined,180,938785,11.66294174101326,1,1,combined,TP
