run_id,wtime,pss,label,pred_iso,score_iso,anomaly_type,flag_type
normal_io_01,0,1203,0,0,0.4306520855326636,io_normal,TN
normal_io_01,2,1201,0,1,0.4889717049364812,io_normal,FP
normal_io_01,4,1201,0,1,0.4921996439421938,io_normal,FP
normal_io_01,6,1201,0,1,0.4992620803739195,io_normal,FP
normal_io_01,8,1203,0,1,0.4988316376166383,io_normal,FP
normal_io_01,10,1203,0,1,0.5078409872706663,io_normal,FP
normal_io_01,12,1203,0,1,0.5291467110604106,io_normal,FP
normal_io_01,14,1203,0,1,0.5469208304674321,io_normal,FP
normal_io_01,16,1203,0,1,0.560854607440373,io_normal,FP
normal_io_01,18,1203,0,1,0.568555398521808,io_normal,FP
normal_io_01,20,1210,0,1,0.5796965598478463,io_normal,FP
anomaly_mem_spike,0,497821,1,1,0.4572525777438977,mem_spike,TP
anomaly_mem_spike,2,1173049,1,1,0.6442612412565185,mem_spike,TP
anomaly_mem_spike,4,1173051,1,1,0.4904286486519614,mem_spike,TP
anomaly_mem_spike,6,1173051,1,1,0.46981595073064464,mem_spike,TP
anomaly_mem_spike,8,1173051,1,1,0.4600830486553363,mem_spike,TP
anomaly_mem_spike,10,1173051,1,1,0.4474760243309926,mem_spike,TP
anomaly_mem_spike,12,1173051,1,0,0.4421618267685886,mem_spike,FN
anomaly_mem_spike,14,1173051,1,0,0.4380456658392702,mem_spike,FN
anomaly_mem_spike,16,1173051,1,0,0.4317852345723335,mem_spike,FN
anomaly_mem_spike,18,1173051,1,0,0.4260402279908984,mem_spike,FN
anomaly_mem_spike,20,1173051,1,0,0.4238837721523981,mem_spike,FN
anomaly_mem_spike,22,1173051,1,0,0.42175116889711606,mem_spike,FN
anomaly_mem_spike,24,1173051,1,0,0.41787489976211895,mem_spike,FN
anomaly_mem_spike,26,1173051,1,0,0.4157216174439067,mem_spike,FN
anomaly_mem_spike,28,1173051,1,0,0.41242681499240597,mem_spike,FN
anomaly_mem_spike,30,1173051,1,0,0.4108883791632631,mem_spike,FN
anomaly_mem_spike,32,1173051,1,0,0.4104602783525802,mem_spike,FN
anomaly_mem_spike,34,1173051,1,0,0.40923570338940035,mem_spike,FN
anomaly_mem_spike,36,1173051,1,0,0.4086926523595891,mem_spike,FN
anomaly_mem_spike,38,1173051,1,0,0.40882633907421323,mem_spike,FN
anomaly_mem_spike,40,1173051,1,0,0.40886778663504086,mem_spike,FN
anomaly_mem_spike,42,1173051,1,0,0.40886778663504086,mem_spike,FN
anomaly_mem_spike,44,1173051,1,0,0.40901943467662794,mem_spike,FN
anomaly_mem_spike,46,1173051,1,0,0.4092936145209314,mem_spike,FN
anomaly_mem_spike,48,1173051,1,0,0.4084834805252124,mem_spike,FN
anomaly_mem_spike,50,1173051,1,0,0.40816310476970824,mem_spike,FN
anomaly_mem_spike,52,1173057,1,1,0.4597684697159273,mem_spike,TP
anomaly_mem_spike,54,1173052,1,1,0.4571035745758203,mem_spike,TP
anomaly_mem_spike,56,1173052,1,0,0.4113941748659829,mem_spike,FN
anomaly_mem_spike,58,1173052,1,0,0.41097357738026746,mem_spike,FN
anomaly_mem_spike,60,1173062,1,1,0.4877534470962362,mem_spike,TP
anomaly_mem_spike,62,1173062,1,0,0.4373682321748533,mem_spike,FN
anomaly_mem_spike,64,1173062,1,0,0.4373682321748533,mem_spike,FN
anomaly_mem_spike,66,1173062,1,0,0.4356630798757467,mem_spike,FN
anomaly_mem_spike,68,1173062,1,0,0.4356630798757467,mem_spike,FN
anomaly_mem_spike,70,1173062,1,0,0.4356498251106399,mem_spike,FN
anomaly_mem_spike,72,1173058,1,1,0.4488771638559838,mem_spike,TP
anomaly_mem_spike,74,1173058,1,0,0.4059936541375695,mem_spike,FN
anomaly_mem_spike,76,1173058,1,0,0.4052694015239319,mem_spike,FN
anomaly_mem_spike,78,1173058,1,0,0.4052694015239319,mem_spike,FN
anomaly_mem_spike,80,1173058,1,0,0.4052694015239319,mem_spike,FN
anomaly_mem_spike,82,1173055,1,0,0.4396473640874095,mem_spike,FN
anomaly_mem_spike,84,1173055,1,0,0.39500876607004437,mem_spike,FN
anomaly_mem_spike,86,1173055,1,0,0.39500876607004437,mem_spike,FN
anomaly_mem_spike,88,1173058,1,0,0.43590150884645007,mem_spike,FN
anomaly_mem_spike,90,1173058,1,0,0.4048176352756238,mem_spike,FN
anomaly_mem_spike,92,1173058,1,0,0.40503140803153226,mem_spike,FN
anomaly_mem_spike,94,1173058,1,0,0.40503140803153226,mem_spike,FN
anomaly_mem_spike,96,1173058,1,0,0.40503140803153226,mem_spike,FN
anomaly_mem_spike,98,1173058,1,0,0.40503140803153226,mem_spike,FN
anomaly_mem_spike,100,1173058,1,0,0.40503140803153226,mem_spike,FN
anomaly_mem_spike,102,1173058,1,0,0.40503140803153226,mem_spike,FN
anomaly_mem_spike,104,1173058,1,0,0.4055873345315749,mem_spike,FN
anomaly_mem_spike,106,1173058,1,0,0.4055873345315749,mem_spike,FN
anomaly_mem_spike,108,1173058,1,0,0.4055873345315749,mem_spike,FN
anomaly_mem_spike,110,1173058,1,0,0.4055873345315749,mem_spike,FN
anomaly_mem_spike,112,1173058,1,0,0.4055873345315749,mem_spike,FN
anomaly_mem_spike,114,1173058,1,0,0.4055873345315749,mem_spike,FN
anomaly_mem_spike,116,1173055,1,0,0.4391861359264731,mem_spike,FN
anomaly_mem_spike,118,1173055,1,0,0.39374111643750587,mem_spike,FN
anomaly_mem_spike,120,1173055,1,0,0.39374111643750587,mem_spike,FN
anomaly_mem_spike,122,1173055,1,0,0.39374111643750587,mem_spike,FN
anomaly_mem_spike,124,1173055,1,0,0.39374111643750587,mem_spike,FN
anomaly_mem_spike,126,1173055,1,0,0.39374111643750587,mem_spike,FN
anomaly_mem_spike,128,1173055,1,0,0.39374111643750587,mem_spike,FN
anomaly_mem_spike,130,1173055,1,0,0.39374111643750587,mem_spike,FN
anomaly_mem_spike,132,1173055,1,0,0.39374111643750587,mem_spike,FN
anomaly_mem_spike,134,1173055,1,0,0.39374111643750587,mem_spike,FN
anomaly_mem_spike,136,1173055,1,0,0.3947062715692932,mem_spike,FN
anomaly_mem_spike,138,1173055,1,0,0.3947062715692932,mem_spike,FN
anomaly_mem_spike,140,1173055,1,0,0.3947062715692932,mem_spike,FN
anomaly_mem_spike,142,1173055,1,0,0.3947062715692932,mem_spike,FN
anomaly_mem_spike,144,1173055,1,0,0.3947062715692932,mem_spike,FN
anomaly_mem_spike,146,1173055,1,0,0.3947062715692932,mem_spike,FN
anomaly_mem_spike,148,1173055,1,0,0.3947062715692932,mem_spike,FN
anomaly_mem_spike,150,1173055,1,0,0.3947062715692932,mem_spike,FN
anomaly_mem_spike,152,1173055,1,0,0.3947062715692932,mem_spike,FN
anomaly_mem_spike,154,1173055,1,0,0.3947062715692932,mem_spike,FN
anomaly_mem_spike,156,1173055,1,0,0.3947062715692932,mem_spike,FN
anomaly_mem_spike,158,1173055,1,0,0.3947062715692932,mem_spike,FN
anomaly_mem_spike,160,1173055,1,0,0.3959150851258923,mem_spike,FN
anomaly_mem_spike,162,1173055,1,0,0.3959150851258923,mem_spike,FN
anomaly_mem_spike,164,1173055,1,0,0.3959150851258923,mem_spike,FN
anomaly_mem_spike,166,1173055,1,0,0.3959150851258923,mem_spike,FN
anomaly_mem_spike,168,1173055,1,0,0.3959150851258923,mem_spike,FN
anomaly_mem_spike,170,1173055,1,0,0.3959150851258923,mem_spike,FN
anomaly_mem_spike,172,1173055,1,0,0.3959150851258923,mem_spike,FN
anomaly_mem_spike,174,1173055,1,0,0.3959150851258923,mem_spike,FN
anomaly_mem_spike,176,1173051,1,1,0.4537415069349652,mem_spike,TP
anomaly_mem_spike,178,1173050,1,0,0.439028206674356,mem_spike,FN
anomaly_mem_spike,180,1173055,1,0,0.44227246824298694,mem_spike,FN
normal_mem_01,0,147669,0,0,0.389551656178759,mem_normal,TN
normal_mem_01,2,147669,0,0,0.3649443210339528,mem_normal,TN
normal_mem_01,4,147665,0,0,0.3651058505147485,mem_normal,TN
normal_mem_01,6,147665,0,0,0.3448720030420021,mem_normal,TN
normal_mem_01,8,147666,0,0,0.34540105543968025,mem_normal,TN
normal_mem_01,10,147666,0,0,0.33993810294729426,mem_normal,TN
normal_mem_01,12,147666,0,0,0.33750475603256747,mem_normal,TN
normal_mem_01,14,147666,0,0,0.3364556259101017,mem_normal,TN
normal_mem_01,16,147666,0,0,0.33596920820506554,mem_normal,TN
normal_mem_01,18,147672,0,0,0.34984930313991563,mem_normal,TN
normal_mem_01,20,147672,0,0,0.33478757415658306,mem_normal,TN
normal_mem_01,22,147672,0,0,0.33478757415658306,mem_normal,TN
normal_mem_01,24,147672,0,0,0.33458387880566476,mem_normal,TN
normal_mem_01,26,146958,0,0,0.39286595842446137,mem_normal,TN
normal_mem_01,28,147231,0,0,0.4083709457122711,mem_normal,TN
normal_mem_01,30,147231,0,0,0.3330869583028157,mem_normal,TN
normal_mem_01,32,147372,0,0,0.384016495367162,mem_normal,TN
normal_mem_01,34,147372,0,0,0.3310021774564006,mem_normal,TN
normal_mem_01,36,147372,0,0,0.3305716734589513,mem_normal,TN
normal_mem_01,38,147371,0,0,0.33423565023924956,mem_normal,TN
normal_mem_01,40,147371,0,0,0.32996859359946745,mem_normal,TN
normal_mem_01,42,147369,0,0,0.3344546643875523,mem_normal,TN
normal_mem_01,44,147369,0,0,0.3294030137852967,mem_normal,TN
normal_mem_01,46,147369,0,0,0.3292099450448433,mem_normal,TN
normal_mem_01,48,147369,0,0,0.3292099450448433,mem_normal,TN
normal_mem_01,50,147369,0,0,0.3292099450448433,mem_normal,TN
normal_mem_01,52,147369,0,0,0.3292099450448433,mem_normal,TN
normal_mem_01,54,147369,0,0,0.3292099450448433,mem_normal,TN
normal_mem_01,56,147369,0,0,0.3292099450448433,mem_normal,TN
normal_mem_01,58,147369,0,0,0.3292099450448433,mem_normal,TN
normal_mem_01,60,147369,0,0,0.32883362218041806,mem_normal,TN
normal_mem_01,62,147365,0,0,0.33950774251635646,mem_normal,TN
normal_mem_01,64,147365,0,0,0.328966664404057,mem_normal,TN
normal_mem_01,66,147364,0,0,0.33243041214532904,mem_normal,TN
normal_mem_01,68,147364,0,0,0.328966664404057,mem_normal,TN
normal_mem_01,70,147369,0,0,0.34048524694280385,mem_normal,TN
normal_mem_01,72,147369,0,0,0.3288845378644738,mem_normal,TN
normal_mem_01,74,147369,0,0,0.3288845378644738,mem_normal,TN
normal_mem_01,76,147369,0,0,0.3288294650623006,mem_normal,TN
normal_mem_01,78,147369,0,0,0.3288294650623006,mem_normal,TN
normal_mem_01,80,147369,0,0,0.3288294650623006,mem_normal,TN
normal_mem_01,82,147369,0,0,0.32858922605394053,mem_normal,TN
normal_mem_01,84,147369,0,0,0.32858922605394053,mem_normal,TN
normal_mem_01,86,147369,0,0,0.32858922605394053,mem_normal,TN
normal_mem_01,88,147369,0,0,0.32858922605394053,mem_normal,TN
normal_mem_01,90,147369,0,0,0.32858922605394053,mem_normal,TN
normal_mem_01,92,147369,0,0,0.32858922605394053,mem_normal,TN
normal_mem_01,94,147369,0,0,0.32858922605394053,mem_normal,TN
normal_mem_01,96,147369,0,0,0.32858922605394053,mem_normal,TN
normal_mem_01,98,147369,0,0,0.32858922605394053,mem_normal,TN
normal_mem_01,100,147369,0,0,0.32858922605394053,mem_normal,TN
normal_mem_01,102,147369,0,0,0.32858922605394053,mem_normal,TN
normal_mem_01,104,147369,0,0,0.32858922605394053,mem_normal,TN
normal_mem_01,106,147369,0,0,0.32858922605394053,mem_normal,TN
normal_mem_01,108,147371,0,0,0.33354240179451117,mem_normal,TN
normal_mem_01,110,147371,0,0,0.32858922605394053,mem_normal,TN
normal_mem_01,112,147371,0,0,0.32858922605394053,mem_normal,TN
normal_mem_01,114,147371,0,0,0.32858922605394053,mem_normal,TN
normal_mem_01,116,147371,0,0,0.32858922605394053,mem_normal,TN
normal_mem_01,118,147371,0,0,0.32858922605394053,mem_normal,TN
normal_mem_01,120,147371,0,0,0.32858922605394053,mem_normal,TN
normal_mem_01,122,147369,0,0,0.3332310695192235,mem_normal,TN
normal_mem_01,124,147369,0,0,0.32858922605394053,mem_normal,TN
normal_mem_01,126,147369,0,0,0.32858922605394053,mem_normal,TN
normal_mem_01,128,147371,0,0,0.33354240179451117,mem_normal,TN
normal_mem_01,130,147369,0,0,0.3332310695192235,mem_normal,TN
normal_mem_01,132,147369,0,0,0.32867097147049906,mem_normal,TN
normal_mem_01,134,147371,0,0,0.3336253794468891,mem_normal,TN
normal_mem_01,136,147371,0,0,0.32867097147049906,mem_normal,TN
normal_mem_01,138,147371,0,0,0.32867097147049906,mem_normal,TN
normal_mem_01,140,147371,0,0,0.32867097147049906,mem_normal,TN
normal_mem_01,142,147371,0,0,0.32867097147049906,mem_normal,TN
normal_mem_01,144,147371,0,0,0.32867097147049906,mem_normal,TN
normal_mem_01,146,147371,0,0,0.32867097147049906,mem_normal,TN
normal_mem_01,148,147371,0,0,0.32867097147049906,mem_normal,TN
normal_mem_01,150,147371,0,0,0.32867097147049906,mem_normal,TN
normal_mem_01,152,147371,0,0,0.32867097147049906,mem_normal,TN
normal_mem_01,154,147371,0,0,0.32867097147049906,mem_normal,TN
normal_mem_01,156,147371,0,0,0.32867097147049906,mem_normal,TN
normal_mem_01,158,147376,0,0,0.3406776761135076,mem_normal,TN
normal_mem_01,160,147376,0,0,0.3287558434569421,mem_normal,TN
normal_mem_01,162,147381,0,0,0.3406776761135076,mem_normal,TN
normal_mem_01,164,147381,0,0,0.3287558434569421,mem_normal,TN
normal_mem_01,166,147381,0,0,0.3287558434569421,mem_normal,TN
normal_mem_01,168,147381,0,0,0.3287558434569421,mem_normal,TN
normal_mem_01,170,147381,0,0,0.3287558434569421,mem_normal,TN
normal_mem_01,172,147381,0,0,0.3287558434569421,mem_normal,TN
normal_mem_01,174,147381,0,0,0.3287558434569421,mem_normal,TN
normal_mem_01,176,147381,0,0,0.3287558434569421,mem_normal,TN
normal_mem_01,178,147381,0,0,0.3287558434569421,mem_normal,TN
normal_mem_01,180,147381,0,0,0.3287558434569421,mem_normal,TN
anomaly_thread_spike,0,1327,1,1,0.5373142322379029,thread_spike,TP
anomaly_thread_spike,2,1327,1,1,0.5731008849762645,thread_spike,TP
anomaly_thread_spike,4,1327,1,1,0.5598316208624675,thread_spike,TP
anomaly_thread_spike,6,1327,1,1,0.5500664096137553,thread_spike,TP
anomaly_thread_spike,8,1327,1,1,0.5329802896119301,thread_spike,TP
anomaly_thread_spike,10,1321,1,1,0.585815874044219,thread_spike,TP
anomaly_thread_spike,12,1321,1,1,0.5462816395589234,thread_spike,TP
anomaly_thread_spike,14,1327,1,1,0.5599905116082357,thread_spike,TP
anomaly_thread_spike,16,1327,1,1,0.5137472570269338,thread_spike,TP
anomaly_thread_spike,18,1327,1,1,0.5122762268465983,thread_spike,TP
anomaly_thread_spike,20,1327,1,1,0.5021183252286886,thread_spike,TP
anomaly_thread_spike,22,1327,1,1,0.5017592133006694,thread_spike,TP
anomaly_thread_spike,24,1327,1,1,0.50367647310085,thread_spike,TP
anomaly_thread_spike,26,1327,1,1,0.4912142574419682,thread_spike,TP
anomaly_thread_spike,28,1327,1,1,0.4949719214831753,thread_spike,TP
anomaly_thread_spike,30,1327,1,1,0.47764030635489035,thread_spike,TP
anomaly_thread_spike,32,1327,1,1,0.48079856158385587,thread_spike,TP
anomaly_thread_spike,34,1327,1,1,0.4835378759406481,thread_spike,TP
anomaly_thread_spike,36,1327,1,1,0.46958514680629226,thread_spike,TP
anomaly_thread_spike,38,1327,1,1,0.47204880643651365,thread_spike,TP
anomaly_thread_spike,40,1327,1,1,0.47726105495367177,thread_spike,TP
anomaly_thread_spike,42,1328,1,1,0.49723907508761106,thread_spike,TP
anomaly_thread_spike,44,1327,1,1,0.48956423528317733,thread_spike,TP
anomaly_thread_spike,46,1327,1,1,0.4786643401935585,thread_spike,TP
anomaly_thread_spike,48,1327,1,1,0.4650420306439964,thread_spike,TP
anomaly_thread_spike,50,1327,1,1,0.4691654201321836,thread_spike,TP
anomaly_thread_spike,52,1327,1,1,0.4626304399040129,thread_spike,TP
anomaly_thread_spike,54,1327,1,1,0.4638205444770239,thread_spike,TP
anomaly_thread_spike,56,1327,1,1,0.4688703420432352,thread_spike,TP
anomaly_thread_spike,58,1327,1,1,0.45976550897565294,thread_spike,TP
anomaly_thread_spike,60,1327,1,1,0.466457527364602,thread_spike,TP
anomaly_thread_spike,62,1327,1,1,0.46154821507134947,thread_spike,TP
anomaly_thread_spike,64,1327,1,1,0.4599736075196557,thread_spike,TP
anomaly_thread_spike,66,1327,1,1,0.4636475196540408,thread_spike,TP
anomaly_thread_spike,68,1327,1,1,0.45838196079886784,thread_spike,TP
anomaly_thread_spike,70,1327,1,1,0.46259907897791785,thread_spike,TP
anomaly_thread_spike,72,1327,1,1,0.46726453286097736,thread_spike,TP
anomaly_thread_spike,74,1327,1,1,0.4569530587877383,thread_spike,TP
anomaly_thread_spike,76,1327,1,1,0.46189630269010895,thread_spike,TP
anomaly_thread_spike,78,1327,1,1,0.4604124299007754,thread_spike,TP
anomaly_thread_spike,80,1327,1,1,0.4602992990719653,thread_spike,TP
anomaly_thread_spike,82,1327,1,1,0.4688454244585258,thread_spike,TP
anomaly_thread_spike,84,1327,1,1,0.45894756832024525,thread_spike,TP
anomaly_thread_spike,86,1327,1,1,0.46199217392554487,thread_spike,TP
anomaly_thread_spike,88,1327,1,1,0.4662036096879488,thread_spike,TP
anomaly_thread_spike,90,1327,1,1,0.4617923962232882,thread_spike,TP
anomaly_thread_spike,92,1322,1,1,0.5574009614278692,thread_spike,TP
anomaly_thread_spike,94,1321,1,1,0.530261494317514,thread_spike,TP
anomaly_thread_spike,96,1327,1,1,0.5415708913064303,thread_spike,TP
anomaly_thread_spike,98,1327,1,1,0.4672510151089448,thread_spike,TP
anomaly_thread_spike,100,1327,1,1,0.4655604272734686,thread_spike,TP
anomaly_thread_spike,102,1327,1,1,0.46539589068011494,thread_spike,TP
anomaly_thread_spike,104,1327,1,1,0.46606941329589696,thread_spike,TP
anomaly_thread_spike,106,1327,1,1,0.4657895224173861,thread_spike,TP
anomaly_thread_spike,108,1327,1,1,0.46661349470494085,thread_spike,TP
anomaly_thread_spike,110,1327,1,1,0.4714760187156258,thread_spike,TP
anomaly_thread_spike,112,1327,1,1,0.46818075228513073,thread_spike,TP
anomaly_thread_spike,114,1322,1,1,0.5613932002980357,thread_spike,TP
anomaly_thread_spike,116,1321,1,1,0.5278148358143142,thread_spike,TP
anomaly_thread_spike,118,1319,1,1,0.5512630345942687,thread_spike,TP
anomaly_thread_spike,120,1321,1,1,0.5329893187099837,thread_spike,TP
anomaly_thread_spike,122,1321,1,1,0.5029593142297314,thread_spike,TP
anomaly_thread_spike,124,1321,1,1,0.4953914153434137,thread_spike,TP
anomaly_thread_spike,126,1321,1,1,0.49682836745646797,thread_spike,TP
anomaly_thread_spike,128,1321,1,1,0.5036561188734309,thread_spike,TP
anomaly_thread_spike,130,1321,1,1,0.49766853209046574,thread_spike,TP
anomaly_thread_spike,132,1321,1,1,0.5016099993873278,thread_spike,TP
anomaly_thread_spike,134,1321,1,1,0.49835659888266587,thread_spike,TP
anomaly_thread_spike,136,1321,1,1,0.500624924488044,thread_spike,TP
anomaly_thread_spike,138,1321,1,1,0.5085326325205886,thread_spike,TP
anomaly_thread_spike,140,1321,1,1,0.49797577263797066,thread_spike,TP
anomaly_thread_spike,142,1321,1,1,0.49738689795857566,thread_spike,TP
anomaly_thread_spike,144,1319,1,1,0.5630167161392519,thread_spike,TP
anomaly_thread_spike,146,1321,1,1,0.5381489228923746,thread_spike,TP
anomaly_thread_spike,148,1321,1,1,0.5075156860180566,thread_spike,TP
anomaly_thread_spike,150,1321,1,1,0.5045852325591271,thread_spike,TP
anomaly_thread_spike,152,1321,1,1,0.5111015366841716,thread_spike,TP
anomaly_thread_spike,154,1321,1,1,0.5156316030959103,thread_spike,TP
anomaly_thread_spike,156,1321,1,1,0.5157311234736608,thread_spike,TP
anomaly_thread_spike,158,1321,1,1,0.5205419805346647,thread_spike,TP
anomaly_thread_spike,160,1321,1,1,0.5219942815945056,thread_spike,TP
anomaly_thread_spike,162,1327,1,1,0.5845733045078954,thread_spike,TP
anomaly_thread_spike,164,1327,1,1,0.5198458200387301,thread_spike,TP
anomaly_thread_spike,166,1327,1,1,0.5156739250430112,thread_spike,TP
anomaly_thread_spike,168,1327,1,1,0.5225729941484737,thread_spike,TP
anomaly_thread_spike,170,1327,1,1,0.5204661395694015,thread_spike,TP
anomaly_thread_spike,172,1327,1,1,0.5226669959090272,thread_spike,TP
anomaly_thread_spike,174,1327,1,1,0.5354528189212191,thread_spike,TP
anomaly_thread_spike,176,1327,1,1,0.5299491831681896,thread_spike,TP
anomaly_thread_spike,178,1327,1,1,0.5319466035506805,thread_spike,TP
anomaly_thread_spike,180,1327,1,1,0.538763778807987,thread_spike,TP
normal_mem_04,0,206268,0,0,0.3988719466775963,mem_normal_heavy,TN
normal_mem_04,2,206268,0,0,0.37820804119947,mem_normal_heavy,TN
normal_mem_04,4,206272,0,0,0.3815135197109911,mem_normal_heavy,TN
normal_mem_04,6,206272,0,0,0.3642408789626195,mem_normal_heavy,TN
normal_mem_04,8,206272,0,0,0.36302770552792946,mem_normal_heavy,TN
normal_mem_04,10,206272,0,0,0.35960929655568574,mem_normal_heavy,TN
normal_mem_04,12,206272,0,0,0.3578224312582962,mem_normal_heavy,TN
normal_mem_04,14,206268,0,0,0.3657535425903651,mem_normal_heavy,TN
normal_mem_04,16,206268,0,0,0.35138388729060144,mem_normal_heavy,TN
normal_mem_04,18,206269,0,0,0.3549895670129374,mem_normal_heavy,TN
normal_mem_04,20,206269,0,0,0.34978152153918624,mem_normal_heavy,TN
normal_mem_04,22,206265,0,0,0.364075315476725,mem_normal_heavy,TN
normal_mem_04,24,206265,0,0,0.34874928060589216,mem_normal_heavy,TN
normal_mem_04,26,206265,0,0,0.3479825537435526,mem_normal_heavy,TN
normal_mem_04,28,206269,0,0,0.36222125614026135,mem_normal_heavy,TN
normal_mem_04,30,206269,0,0,0.3464280818378952,mem_normal_heavy,TN
normal_mem_04,32,206269,0,0,0.34532206282204764,mem_normal_heavy,TN
normal_mem_04,34,206269,0,0,0.3451178290212735,mem_normal_heavy,TN
normal_mem_04,36,206269,0,0,0.3451178290212735,mem_normal_heavy,TN
normal_mem_04,38,206269,0,0,0.34461467326060485,mem_normal_heavy,TN
normal_mem_04,40,206269,0,0,0.34438165607356597,mem_normal_heavy,TN
normal_mem_04,42,206269,0,0,0.34360662532541464,mem_normal_heavy,TN
normal_mem_04,44,206269,0,0,0.3431205749722948,mem_normal_heavy,TN
normal_mem_04,46,206269,0,0,0.34291946613460594,mem_normal_heavy,TN
normal_mem_04,48,206269,0,0,0.34291946613460594,mem_normal_heavy,TN
normal_mem_04,50,206269,0,0,0.3426821587427692,mem_normal_heavy,TN
normal_mem_04,52,206269,0,0,0.3426821587427692,mem_normal_heavy,TN
normal_mem_04,54,206269,0,0,0.3426821587427692,mem_normal_heavy,TN
normal_mem_04,56,206265,0,0,0.3569374312474851,mem_normal_heavy,TN
normal_mem_04,58,206265,0,0,0.3436920901632915,mem_normal_heavy,TN
normal_mem_04,60,206265,0,0,0.3433820341413448,mem_normal_heavy,TN
normal_mem_04,62,206261,0,0,0.3623641045359327,mem_normal_heavy,TN
normal_mem_04,64,206260,0,0,0.3548567917911966,mem_normal_heavy,TN
normal_mem_04,66,206269,0,0,0.3717003604151603,mem_normal_heavy,TN
normal_mem_04,68,206269,0,0,0.34226292246587375,mem_normal_heavy,TN
normal_mem_04,70,206269,0,0,0.342177476514988,mem_normal_heavy,TN
normal_mem_04,72,206265,0,0,0.35586995966911206,mem_normal_heavy,TN
normal_mem_04,74,206265,0,0,0.3424831669900508,mem_normal_heavy,TN
normal_mem_04,76,206269,0,0,0.3564549217214965,mem_normal_heavy,TN
normal_mem_04,78,206269,0,0,0.342177476514988,mem_normal_heavy,TN
normal_mem_04,80,206269,0,0,0.342177476514988,mem_normal_heavy,TN
normal_mem_04,82,206265,0,0,0.3556860892665595,mem_normal_heavy,TN
normal_mem_04,84,206265,0,0,0.3420771514578087,mem_normal_heavy,TN
normal_mem_04,86,206265,0,0,0.3420771514578087,mem_normal_heavy,TN
normal_mem_04,88,206265,0,0,0.3420771514578087,mem_normal_heavy,TN
normal_mem_04,90,206265,0,0,0.3420771514578087,mem_normal_heavy,TN
normal_mem_04,92,206265,0,0,0.3420771514578087,mem_normal_heavy,TN
normal_mem_04,94,206265,0,0,0.3420771514578087,mem_normal_heavy,TN
normal_mem_04,96,206265,0,0,0.3420771514578087,mem_normal_heavy,TN
normal_mem_04,98,206265,0,0,0.3420771514578087,mem_normal_heavy,TN
normal_mem_04,100,206265,0,0,0.3420771514578087,mem_normal_heavy,TN
normal_mem_04,102,206265,0,0,0.3420622977189248,mem_normal_heavy,TN
normal_mem_04,104,206265,0,0,0.3420622977189248,mem_normal_heavy,TN
normal_mem_04,106,206265,0,0,0.3420622977189248,mem_normal_heavy,TN
normal_mem_04,108,206261,0,0,0.36137551289074843,mem_normal_heavy,TN
normal_mem_04,110,206261,0,0,0.348006439970223,mem_normal_heavy,TN
normal_mem_04,112,206260,0,0,0.35459574409685124,mem_normal_heavy,TN
normal_mem_04,114,206265,0,0,0.3598521016715186,mem_normal_heavy,TN
normal_mem_04,116,206265,0,0,0.342331495718624,mem_normal_heavy,TN
normal_mem_04,118,206265,0,0,0.342331495718624,mem_normal_heavy,TN
normal_mem_04,120,206265,0,0,0.342331495718624,mem_normal_heavy,TN
normal_mem_04,122,206265,0,0,0.342331495718624,mem_normal_heavy,TN
normal_mem_04,124,206265,0,0,0.342331495718624,mem_normal_heavy,TN
normal_mem_04,126,206265,0,0,0.342331495718624,mem_normal_heavy,TN
normal_mem_04,128,206265,0,0,0.342331495718624,mem_normal_heavy,TN
normal_mem_04,130,206265,0,0,0.342331495718624,mem_normal_heavy,TN
normal_mem_04,132,206265,0,0,0.34241665989474346,mem_normal_heavy,TN
normal_mem_04,134,206265,0,0,0.34241665989474346,mem_normal_heavy,TN
normal_mem_04,136,206265,0,0,0.34241665989474346,mem_normal_heavy,TN
normal_mem_04,138,206268,0,0,0.35194839991057014,mem_normal_heavy,TN
normal_mem_04,140,206262,0,0,0.36669239511527285,mem_normal_heavy,TN
normal_mem_04,142,206261,0,0,0.3537427657684231,mem_normal_heavy,TN
normal_mem_04,144,206261,0,0,0.34836696002779477,mem_normal_heavy,TN
normal_mem_04,146,206268,0,0,0.36727728851357017,mem_normal_heavy,TN
normal_mem_04,148,206268,0,0,0.34213263719893716,mem_normal_heavy,TN
normal_mem_04,150,206268,0,0,0.34213263719893716,mem_normal_heavy,TN
normal_mem_04,152,206268,0,0,0.34213263719893716,mem_normal_heavy,TN
normal_mem_04,154,206268,0,0,0.34213263719893716,mem_normal_heavy,TN
normal_mem_04,156,206268,0,0,0.34213263719893716,mem_normal_heavy,TN
normal_mem_04,158,206268,0,0,0.34253297038755154,mem_normal_heavy,TN
normal_mem_04,160,206268,0,0,0.34253297038755154,mem_normal_heavy,TN
normal_mem_04,162,206268,0,0,0.34253297038755154,mem_normal_heavy,TN
normal_mem_04,164,206268,0,0,0.34253297038755154,mem_normal_heavy,TN
normal_mem_04,166,206268,0,0,0.34253297038755154,mem_normal_heavy,TN
normal_mem_04,168,206268,0,0,0.34253297038755154,mem_normal_heavy,TN
normal_mem_04,170,206268,0,0,0.34253297038755154,mem_normal_heavy,TN
normal_mem_04,172,206268,0,0,0.34253297038755154,mem_normal_heavy,TN
normal_mem_04,174,206268,0,0,0.34253297038755154,mem_normal_heavy,TN
normal_mem_04,176,206268,0,0,0.34253297038755154,mem_normal_heavy,TN
normal_mem_04,178,206268,0,0,0.34253297038755154,mem_normal_heavy,TN
normal_mem_04,180,0,0,1,0.5300675300100122,mem_normal_heavy,FP
normal_mem_03,0,98833,0,0,0.39267931006865214,mem_normal_light,TN
normal_mem_03,2,98833,0,0,0.37050720441107743,mem_normal_light,TN
normal_mem_03,4,98833,0,0,0.35914954334569554,mem_normal_light,TN
normal_mem_03,6,98829,0,0,0.36958338115059997,mem_normal_light,TN
normal_mem_03,8,98829,0,0,0.3509758593194794,mem_normal_light,TN
normal_mem_03,10,98832,0,0,0.3558160838301359,mem_normal_light,TN
normal_mem_03,12,98835,0,0,0.3535361536720659,mem_normal_light,TN
normal_mem_03,14,98835,0,0,0.3424360401228833,mem_normal_light,TN
normal_mem_03,16,98835,0,0,0.3420181026905347,mem_normal_light,TN
normal_mem_03,18,98833,0,0,0.35109210588630935,mem_normal_light,TN
normal_mem_03,20,98833,0,0,0.3420818915032358,mem_normal_light,TN
normal_mem_03,22,98835,0,0,0.34590730992129265,mem_normal_light,TN
normal_mem_03,24,98837,0,0,0.34592233286986485,mem_normal_light,TN
normal_mem_03,26,98835,0,0,0.34925733904760603,mem_normal_light,TN
normal_mem_03,28,98833,0,0,0.35010672153281763,mem_normal_light,TN
normal_mem_03,30,98833,0,0,0.3409061229405739,mem_normal_light,TN
normal_mem_03,32,98833,0,0,0.34049378336886255,mem_normal_light,TN
normal_mem_03,34,98833,0,0,0.3402411073378913,mem_normal_light,TN
normal_mem_03,36,98833,0,0,0.3398545533185511,mem_normal_light,TN
normal_mem_03,38,98835,0,0,0.3440834531352378,mem_normal_light,TN
normal_mem_03,40,98835,0,0,0.33741792557419886,mem_normal_light,TN
normal_mem_03,42,98835,0,0,0.33741792557419886,mem_normal_light,TN
normal_mem_03,44,98835,0,0,0.33741792557419886,mem_normal_light,TN
normal_mem_03,46,98835,0,0,0.3372201591568598,mem_normal_light,TN
normal_mem_03,48,98835,0,0,0.3372201591568598,mem_normal_light,TN
normal_mem_03,50,98835,0,0,0.3372201591568598,mem_normal_light,TN
normal_mem_03,52,98835,0,0,0.3372201591568598,mem_normal_light,TN
normal_mem_03,54,98833,0,0,0.34740248544773594,mem_normal_light,TN
normal_mem_03,56,98836,0,0,0.3456919740491697,mem_normal_light,TN
normal_mem_03,58,98836,0,0,0.33688230653623286,mem_normal_light,TN
normal_mem_03,60,98836,0,0,0.3367545384896653,mem_normal_light,TN
normal_mem_03,62,98836,0,0,0.3367545384896653,mem_normal_light,TN
normal_mem_03,64,98836,0,0,0.33696224598343494,mem_normal_light,TN
normal_mem_03,66,98836,0,0,0.33696224598343494,mem_normal_light,TN
normal_mem_03,68,98836,0,0,0.33696224598343494,mem_normal_light,TN
normal_mem_03,70,98836,0,0,0.3368781233466233,mem_normal_light,TN
normal_mem_03,72,98836,0,0,0.3368781233466233,mem_normal_light,TN
normal_mem_03,74,98836,0,0,0.3368781233466233,mem_normal_light,TN
normal_mem_03,76,98836,0,0,0.3368781233466233,mem_normal_light,TN
normal_mem_03,78,98836,0,0,0.3368781233466233,mem_normal_light,TN
normal_mem_03,80,98836,0,0,0.3368781233466233,mem_normal_light,TN
normal_mem_03,82,98836,0,0,0.33626915907238175,mem_normal_light,TN
normal_mem_03,84,98834,0,0,0.34665508367196807,mem_normal_light,TN
normal_mem_03,86,98834,0,0,0.33743447670383964,mem_normal_light,TN
normal_mem_03,88,98836,0,0,0.3417856236643162,mem_normal_light,TN
normal_mem_03,90,98836,0,0,0.33626915907238175,mem_normal_light,TN
normal_mem_03,92,98836,0,0,0.33626915907238175,mem_normal_light,TN
normal_mem_03,94,98836,0,0,0.33626915907238175,mem_normal_light,TN
normal_mem_03,96,98836,0,0,0.33626915907238175,mem_normal_light,TN
normal_mem_03,98,98836,0,0,0.33626915907238175,mem_normal_light,TN
normal_mem_03,100,98836,0,0,0.33626915907238175,mem_normal_light,TN
normal_mem_03,102,98836,0,0,0.33633097913767956,mem_normal_light,TN
normal_mem_03,104,98836,0,0,0.33633097913767956,mem_normal_light,TN
normal_mem_03,106,98841,0,0,0.35260583247371474,mem_normal_light,TN
normal_mem_03,108,98841,0,0,0.33733405680315076,mem_normal_light,TN
normal_mem_03,110,98841,0,0,0.33733405680315076,mem_normal_light,TN
normal_mem_03,112,98841,0,0,0.33733405680315076,mem_normal_light,TN
normal_mem_03,114,98841,0,0,0.33733405680315076,mem_normal_light,TN
normal_mem_03,116,98841,0,0,0.33733405680315076,mem_normal_light,TN
normal_mem_03,118,98841,0,0,0.33733405680315076,mem_normal_light,TN
normal_mem_03,120,98841,0,0,0.33733405680315076,mem_normal_light,TN
normal_mem_03,122,98841,0,0,0.33733405680315076,mem_normal_light,TN
normal_mem_03,124,98841,0,0,0.33733405680315076,mem_normal_light,TN
normal_mem_03,126,98841,0,0,0.33733405680315076,mem_normal_light,TN
normal_mem_03,128,98836,0,0,0.3551546437385294,mem_normal_light,TN
normal_mem_03,130,98834,0,0,0.346718813096241,mem_normal_light,TN
normal_mem_03,132,98836,0,0,0.34193350188954585,mem_normal_light,TN
normal_mem_03,134,98836,0,0,0.3364146505237482,mem_normal_light,TN
normal_mem_03,136,98841,0,0,0.352693552667717,mem_normal_light,TN
normal_mem_03,138,98841,0,0,0.33741797773179444,mem_normal_light,TN
normal_mem_03,140,98841,0,0,0.33741797773179444,mem_normal_light,TN
normal_mem_03,142,98837,0,0,0.3522060954299833,mem_normal_light,TN
normal_mem_03,144,98836,0,0,0.3411353144024216,mem_normal_light,TN
normal_mem_03,146,98841,0,0,0.352693552667717,mem_normal_light,TN
normal_mem_03,148,98841,0,0,0.33741797773179444,mem_normal_light,TN
normal_mem_03,150,98841,0,0,0.33741797773179444,mem_normal_light,TN
normal_mem_03,152,98841,0,0,0.33741797773179444,mem_normal_light,TN
normal_mem_03,154,98841,0,0,0.33741797773179444,mem_normal_light,TN
normal_mem_03,156,98845,0,0,0.35357481754655506,mem_normal_light,TN
normal_mem_03,158,98845,0,0,0.34041440558118413,mem_normal_light,TN
normal_mem_03,160,98845,0,0,0.34041440558118413,mem_normal_light,TN
normal_mem_03,162,98845,0,0,0.34041440558118413,mem_normal_light,TN
normal_mem_03,164,98845,0,0,0.34041440558118413,mem_normal_light,TN
normal_mem_03,166,98845,0,0,0.34041440558118413,mem_normal_light,TN
normal_mem_03,168,98845,0,0,0.34041440558118413,mem_normal_light,TN
normal_mem_03,170,98841,0,0,0.3535311369412454,mem_normal_light,TN
normal_mem_03,172,98837,0,0,0.35286305400584245,mem_normal_light,TN
normal_mem_03,174,98844,0,0,0.3619993221544433,mem_normal_light,TN
normal_mem_03,176,98844,0,0,0.3393526776981856,mem_normal_light,TN
normal_mem_03,178,98844,0,0,0.3393526776981856,mem_normal_light,TN
normal_mem_03,180,98844,0,0,0.3393526776981856,mem_normal_light,TN
normal_cpu_01,0,1206,0,0,0.40479976815310614,cpu_normal,TN
normal_cpu_01,2,1206,0,0,0.4305509340824605,cpu_normal,TN
normal_cpu_01,4,1211,0,0,0.4379413069234462,cpu_normal,TN
normal_cpu_01,6,1211,0,0,0.41862826577024836,cpu_normal,TN
normal_cpu_01,8,1211,0,0,0.41582067389278127,cpu_normal,TN
normal_cpu_01,10,1211,0,0,0.4115173296302847,cpu_normal,TN
normal_cpu_01,12,1211,0,0,0.40983321788252813,cpu_normal,TN
normal_cpu_01,14,1211,0,0,0.4075709703592575,cpu_normal,TN
normal_cpu_01,16,1216,0,0,0.4269258741449119,cpu_normal,TN
normal_cpu_01,18,1216,0,0,0.40945200635919143,cpu_normal,TN
normal_cpu_01,20,1216,0,0,0.4133330941220875,cpu_normal,TN
normal_cpu_01,22,1216,0,0,0.4076902861565181,cpu_normal,TN
normal_cpu_01,24,1216,0,0,0.41303614936084426,cpu_normal,TN
normal_cpu_01,26,1216,0,0,0.4076148497936185,cpu_normal,TN
normal_cpu_01,28,1216,0,0,0.41038554481138706,cpu_normal,TN
normal_cpu_01,30,1216,0,0,0.4043270165073299,cpu_normal,TN
normal_cpu_01,32,1216,0,0,0.40274086543113585,cpu_normal,TN
normal_cpu_01,34,1216,0,0,0.4031471270445705,cpu_normal,TN
normal_cpu_01,36,1216,0,0,0.40345109520953865,cpu_normal,TN
normal_cpu_01,38,1211,0,0,0.43018016428061184,cpu_normal,TN
normal_cpu_01,40,1211,0,0,0.3959410821832288,cpu_normal,TN
normal_cpu_01,42,1216,0,0,0.420591419489249,cpu_normal,TN
normal_cpu_01,44,1216,0,0,0.4012426556328477,cpu_normal,TN
normal_cpu_01,46,1216,0,0,0.40139760792312756,cpu_normal,TN
normal_cpu_01,48,1216,0,0,0.4037551617177276,cpu_normal,TN
normal_cpu_01,50,1211,0,0,0.42783469780556566,cpu_normal,TN
normal_cpu_01,52,1211,0,0,0.39288045972346575,cpu_normal,TN
normal_cpu_01,54,1211,0,0,0.39257648037621595,cpu_normal,TN
normal_cpu_01,56,1211,0,0,0.39221579179810595,cpu_normal,TN
normal_cpu_01,58,1211,0,0,0.39201144805932503,cpu_normal,TN
normal_cpu_01,60,1211,0,0,0.39278892416392464,cpu_normal,TN
normal_cpu_01,62,1211,0,0,0.39150477803027767,cpu_normal,TN
normal_cpu_01,64,1209,0,0,0.41131640981268097,cpu_normal,TN
normal_cpu_01,66,1211,0,0,0.40106485376343654,cpu_normal,TN
normal_cpu_01,68,1211,0,0,0.3917064927550669,cpu_normal,TN
normal_cpu_01,70,1211,0,0,0.3926013284463749,cpu_normal,TN
normal_cpu_01,72,1211,0,0,0.3923432611769675,cpu_normal,TN
normal_cpu_01,74,1211,0,0,0.3928210571061207,cpu_normal,TN
normal_cpu_01,76,1211,0,0,0.39336910226441096,cpu_normal,TN
normal_cpu_01,78,1211,0,0,0.3927169901387623,cpu_normal,TN
normal_cpu_01,80,1211,0,0,0.3936014673417218,cpu_normal,TN
normal_cpu_01,82,1211,0,0,0.3944858674147038,cpu_normal,TN
normal_cpu_01,84,1211,0,0,0.3933548394656157,cpu_normal,TN
normal_cpu_01,86,1211,0,0,0.39292990335235944,cpu_normal,TN
normal_cpu_01,88,1211,0,0,0.39245070092481843,cpu_normal,TN
normal_cpu_01,90,1211,0,0,0.3919069333029733,cpu_normal,TN
normal_cpu_01,92,1211,0,0,0.39309340735860004,cpu_normal,TN
normal_cpu_01,94,1211,0,0,0.3920441132073097,cpu_normal,TN
normal_cpu_01,96,1211,0,0,0.39148948517004234,cpu_normal,TN
normal_cpu_01,98,1211,0,0,0.3922372368380909,cpu_normal,TN
normal_cpu_01,100,1211,0,0,0.3930003367726148,cpu_normal,TN
normal_cpu_01,102,1211,0,0,0.3933901756132532,cpu_normal,TN
normal_cpu_01,104,1211,0,0,0.3936520574334312,cpu_normal,TN
normal_cpu_01,106,1211,0,0,0.39352543910550375,cpu_normal,TN
normal_cpu_01,108,1211,0,0,0.39386477436777223,cpu_normal,TN
normal_cpu_01,110,1211,0,0,0.3933775178987716,cpu_normal,TN
normal_cpu_01,112,1211,0,0,0.393236547171258,cpu_normal,TN
normal_cpu_01,114,1211,0,0,0.3914945887341566,cpu_normal,TN
normal_cpu_01,116,1211,0,0,0.3920367572689029,cpu_normal,TN
normal_cpu_01,118,1211,0,0,0.3928061397628832,cpu_normal,TN
normal_cpu_01,120,1211,0,0,0.39370716411680856,cpu_normal,TN
normal_cpu_01,122,1211,0,0,0.39366390567573945,cpu_normal,TN
normal_cpu_01,124,1211,0,0,0.3943306690989755,cpu_normal,TN
normal_cpu_01,126,1211,0,0,0.3951065097560161,cpu_normal,TN
normal_cpu_01,128,1211,0,0,0.3958898376005577,cpu_normal,TN
normal_cpu_01,130,1211,0,0,0.3961615048320923,cpu_normal,TN
normal_cpu_01,132,1211,0,0,0.39629759408028714,cpu_normal,TN
normal_cpu_01,134,1211,0,0,0.39674844846455115,cpu_normal,TN
normal_cpu_01,136,1211,0,0,0.3975313350701561,cpu_normal,TN
normal_cpu_01,138,1211,0,0,0.3986301449372976,cpu_normal,TN
normal_cpu_01,140,1211,0,0,0.3998025010854032,cpu_normal,TN
normal_cpu_01,142,1211,0,0,0.40127676173409976,cpu_normal,TN
normal_cpu_01,144,1211,0,0,0.4012668354845217,cpu_normal,TN
normal_cpu_01,146,1211,0,0,0.4019216663735675,cpu_normal,TN
normal_cpu_01,148,1211,0,0,0.40380179623491713,cpu_normal,TN
normal_cpu_01,150,1211,0,0,0.40473230486040135,cpu_normal,TN
normal_cpu_01,152,1211,0,0,0.40697128734177107,cpu_normal,TN
normal_cpu_01,154,1211,0,0,0.4090810223357874,cpu_normal,TN
normal_cpu_01,156,1211,0,0,0.40958716929405936,cpu_normal,TN
normal_cpu_01,158,1209,0,0,0.4372130014018856,cpu_normal,TN
normal_cpu_01,160,1209,0,0,0.41928324931134364,cpu_normal,TN
normal_cpu_01,162,1206,0,1,0.4560146206964439,cpu_normal,FP
normal_cpu_01,164,1206,0,0,0.43231730990245604,cpu_normal,TN
normal_cpu_01,166,1206,0,0,0.43315926796221393,cpu_normal,TN
normal_cpu_01,168,1211,0,0,0.44244028770831983,cpu_normal,TN
normal_cpu_01,170,1216,0,1,0.4538592856891644,cpu_normal,FP
normal_cpu_01,172,1216,0,0,0.4355989976137913,cpu_normal,TN
normal_cpu_01,174,1216,0,0,0.4362809794764344,cpu_normal,TN
normal_cpu_01,176,1216,0,0,0.4362809794764344,cpu_normal,TN
normal_cpu_01,178,1216,0,0,0.4382369628801706,cpu_normal,TN
normal_cpu_01,180,1216,0,0,0.43920155392323523,cpu_normal,TN
anomaly_io_burst,0,1265,1,1,0.5084631913372567,io_burst,TP
anomaly_io_burst,2,1265,1,1,0.6026511080203898,io_burst,TP
anomaly_io_burst,4,1265,1,1,0.6186780662844364,io_burst,TP
anomaly_io_burst,6,1265,1,1,0.6347270477654395,io_burst,TP
anomaly_io_burst,8,1265,1,1,0.6847236277939703,io_burst,TP
anomaly_io_burst,10,1265,1,1,0.6909980382549934,io_burst,TP
anomaly_io_burst,12,1270,1,1,0.7053491248734168,io_burst,TP
anomaly_io_burst,14,1270,1,1,0.7135476882210265,io_burst,TP
anomaly_io_burst,16,1270,1,1,0.7157097385162283,io_burst,TP
anomaly_io_burst,18,1270,1,1,0.7386761932357124,io_burst,TP
anomaly_io_burst,20,1270,1,1,0.739337998901357,io_burst,TP
anomaly_io_burst,22,1265,1,1,0.7495699271322656,io_burst,TP
anomaly_io_burst,24,1265,1,1,0.7505849112115017,io_burst,TP
anomaly_io_burst,26,1265,1,1,0.7509235445634744,io_burst,TP
normal_mem_02,0,147384,0,0,0.38940732045092735,mem_normal,TN
normal_mem_02,2,147384,0,0,0.3650578688158441,mem_normal,TN
normal_mem_02,4,147384,0,0,0.35121088017966257,mem_normal,TN
normal_mem_02,6,147384,0,0,0.34359565494425853,mem_normal,TN
normal_mem_02,8,147384,0,0,0.3412106289461033,mem_normal,TN
normal_mem_02,10,147377,0,0,0.35504243367855587,mem_normal,TN
normal_mem_02,12,147377,0,0,0.33590069885520507,mem_normal,TN
normal_mem_02,14,147384,0,0,0.3528005246376302,mem_normal,TN
normal_mem_02,16,147384,0,0,0.33435680980026256,mem_normal,TN
normal_mem_02,18,147384,0,0,0.3333530043184502,mem_normal,TN
normal_mem_02,20,147384,0,0,0.3330692220621317,mem_normal,TN
normal_mem_02,22,147384,0,0,0.3330692220621317,mem_normal,TN
normal_mem_02,24,147384,0,0,0.3327097964106034,mem_normal,TN
normal_mem_02,26,147384,0,0,0.332570885246681,mem_normal,TN
normal_mem_02,28,147384,0,0,0.33263183542920777,mem_normal,TN
normal_mem_02,30,147384,0,0,0.3319990516853973,mem_normal,TN
normal_mem_02,32,147384,0,0,0.3314726912980088,mem_normal,TN
normal_mem_02,34,147384,0,0,0.3312766484299587,mem_normal,TN
normal_mem_02,36,147384,0,0,0.3308457874534339,mem_normal,TN
normal_mem_02,38,147384,0,0,0.3306667736263862,mem_normal,TN
normal_mem_02,40,147384,0,0,0.3300269484329896,mem_normal,TN
normal_mem_02,42,147384,0,0,0.3300269484329896,mem_normal,TN
normal_mem_02,44,147385,0,0,0.33197499720339535,mem_normal,TN
normal_mem_02,46,147381,0,0,0.3402431724326342,mem_normal,TN
normal_mem_02,48,147380,0,0,0.33267118475349,mem_normal,TN
normal_mem_02,50,147380,0,0,0.32926816571162665,mem_normal,TN
normal_mem_02,52,147380,0,0,0.32926816571162665,mem_normal,TN
normal_mem_02,54,147385,0,0,0.3399300093673045,mem_normal,TN
normal_mem_02,56,147680,0,0,0.40573718893407457,mem_normal,TN
normal_mem_02,58,147680,0,0,0.3292506478452103,mem_normal,TN
normal_mem_02,60,147680,0,0,0.3288579327384806,mem_normal,TN
normal_mem_02,62,147680,0,0,0.3288579327384806,mem_normal,TN
normal_mem_02,64,147680,0,0,0.3289909847978859,mem_normal,TN
normal_mem_02,66,147680,0,0,0.3289909847978859,mem_normal,TN
normal_mem_02,68,147680,0,0,0.3289909847978859,mem_normal,TN
normal_mem_02,70,147680,0,0,0.32890885218671556,mem_normal,TN
normal_mem_02,72,147680,0,0,0.32890885218671556,mem_normal,TN
normal_mem_02,74,147676,0,0,0.3403294191422454,mem_normal,TN
normal_mem_02,76,147676,0,0,0.32890885218671556,mem_normal,TN
normal_mem_02,78,147676,0,0,0.32890885218671556,mem_normal,TN
normal_mem_02,80,147680,0,0,0.33913410752304435,mem_normal,TN
normal_mem_02,82,147680,0,0,0.3286685551790395,mem_normal,TN
normal_mem_02,84,147676,0,0,0.3403294191422454,mem_normal,TN
normal_mem_02,86,147676,0,0,0.3286685551790395,mem_normal,TN
normal_mem_02,88,147670,0,0,0.34350685872641684,mem_normal,TN
normal_mem_02,90,147668,0,0,0.3332861556909143,mem_normal,TN
normal_mem_02,92,147673,0,0,0.3406084545999758,mem_normal,TN
normal_mem_02,94,147673,0,0,0.3286685551790395,mem_normal,TN
normal_mem_02,96,147673,0,0,0.3286685551790395,mem_normal,TN
normal_mem_02,98,147673,0,0,0.3286685551790395,mem_normal,TN
normal_mem_02,100,147673,0,0,0.3286685551790395,mem_normal,TN
normal_mem_02,102,147673,0,0,0.3286685551790395,mem_normal,TN
normal_mem_02,104,147673,0,0,0.3286685551790395,mem_normal,TN
normal_mem_02,106,147673,0,0,0.3286685551790395,mem_normal,TN
normal_mem_02,108,147673,0,0,0.3286685551790395,mem_normal,TN
normal_mem_02,110,147673,0,0,0.3286685551790395,mem_normal,TN
normal_mem_02,112,147673,0,0,0.3286685551790395,mem_normal,TN
normal_mem_02,114,147673,0,0,0.3286685551790395,mem_normal,TN
normal_mem_02,116,147673,0,0,0.3286685551790395,mem_normal,TN
normal_mem_02,118,147673,0,0,0.3286685551790395,mem_normal,TN
normal_mem_02,120,147673,0,0,0.3286685551790395,mem_normal,TN
normal_mem_02,122,147673,0,0,0.3286685551790395,mem_normal,TN
normal_mem_02,124,147673,0,0,0.3286685551790395,mem_normal,TN
normal_mem_02,126,147669,0,0,0.33998978406487274,mem_normal,TN
normal_mem_02,128,147666,0,0,0.33723050147709704,mem_normal,TN
normal_mem_02,130,147666,0,0,0.3286325500172095,mem_normal,TN
normal_mem_02,132,147669,0,0,0.3365406023592867,mem_normal,TN
normal_mem_02,134,147669,0,0,0.32871430621177034,mem_normal,TN
normal_mem_02,136,147669,0,0,0.32871430621177034,mem_normal,TN
normal_mem_02,138,147669,0,0,0.32871430621177034,mem_normal,TN
normal_mem_02,140,147669,0,0,0.32871430621177034,mem_normal,TN
normal_mem_02,142,147669,0,0,0.32871430621177034,mem_normal,TN
normal_mem_02,144,147669,0,0,0.32871430621177034,mem_normal,TN
normal_mem_02,146,147669,0,0,0.32871430621177034,mem_normal,TN
normal_mem_02,148,147669,0,0,0.32871430621177034,mem_normal,TN
normal_mem_02,150,147669,0,0,0.32871430621177034,mem_normal,TN
normal_mem_02,152,147669,0,0,0.32871430621177034,mem_normal,TN
normal_mem_02,154,147669,0,0,0.32871430621177034,mem_normal,TN
normal_mem_02,156,147669,0,0,0.32871430621177034,mem_normal,TN
normal_mem_02,158,147669,0,0,0.32893776867988755,mem_normal,TN
normal_mem_02,160,147669,0,0,0.32893776867988755,mem_normal,TN
normal_mem_02,162,147669,0,0,0.32893776867988755,mem_normal,TN
normal_mem_02,164,147669,0,0,0.32893776867988755,mem_normal,TN
normal_mem_02,166,147669,0,0,0.32893776867988755,mem_normal,TN
normal_mem_02,168,147669,0,0,0.32893776867988755,mem_normal,TN
normal_mem_02,170,147669,0,0,0.32893776867988755,mem_normal,TN
normal_mem_02,172,147669,0,0,0.32893776867988755,mem_normal,TN
normal_mem_02,174,147669,0,0,0.32893776867988755,mem_normal,TN
normal_mem_02,176,147669,0,0,0.32893776867988755,mem_normal,TN
normal_mem_02,178,147669,0,0,0.32893776867988755,mem_normal,TN
normal_mem_02,180,0,0,1,0.5080973134553648,mem_normal,FP
anomaly_combined,0,511687,1,1,0.4577639120555894,combined,TP
anomaly_combined,2,938785,1,1,0.6925414574656046,combined,TP
anomaly_combined,4,938785,1,1,0.5840236673102391,combined,TP
anomaly_combined,6,938777,1,1,0.6267431160767497,combined,TP
anomaly_combined,8,938776,1,1,0.5846336746448516,combined,TP
anomaly_combined,10,938776,1,1,0.5585888299108704,combined,TP
anomaly_combined,12,938776,1,1,0.5516302808808577,combined,TP
anomaly_combined,14,938776,1,1,0.5446477920862154,combined,TP
anomaly_combined,16,938776,1,1,0.537571466400555,combined,TP
anomaly_combined,18,938776,1,1,0.5329053381534691,combined,TP
anomaly_combined,20,938776,1,1,0.5277074079267879,combined,TP
anomaly_combined,22,938774,1,1,0.5744227467368486,combined,TP
anomaly_combined,24,938774,1,1,0.5393967715950038,combined,TP
anomaly_combined,26,938776,1,1,0.5441026189550517,combined,TP
anomaly_combined,28,938776,1,1,0.516761844781616,combined,TP
anomaly_combined,30,938785,1,1,0.5733188665150316,combined,TP
anomaly_combined,32,938785,1,1,0.5113253079507644,combined,TP
anomaly_combined,34,938785,1,1,0.5060001671716137,combined,TP
anomaly_combined,36,938785,1,1,0.49978472258373247,combined,TP
anomaly_combined,38,938785,1,1,0.4956478069033414,combined,TP
anomaly_combined,40,938785,1,1,0.48842601286719484,combined,TP
anomaly_combined,42,938785,1,1,0.4814352211248986,combined,TP
anomaly_combined,44,938785,1,1,0.47531986286353056,combined,TP
anomaly_combined,46,938785,1,1,0.47531986286353056,combined,TP
anomaly_combined,48,938785,1,1,0.47204719100013487,combined,TP
anomaly_combined,50,938785,1,1,0.46757179141525923,combined,TP
anomaly_combined,52,938785,1,1,0.46757179141525923,combined,TP
anomaly_combined,54,938785,1,1,0.4612884319887393,combined,TP
anomaly_combined,56,938785,1,1,0.45994417459707027,combined,TP
anomaly_combined,58,938785,1,1,0.45994417459707027,combined,TP
anomaly_combined,60,938785,1,1,0.4560506984478659,combined,TP
anomaly_combined,62,938785,1,1,0.4560506984478659,combined,TP
anomaly_combined,64,938785,1,1,0.4511475879511773,combined,TP
anomaly_combined,66,938785,1,1,0.4511475879511773,combined,TP
anomaly_combined,68,938785,1,1,0.4511475879511773,combined,TP
anomaly_combined,70,938785,1,0,0.44649237389328333,combined,FN
anomaly_combined,72,938785,1,0,0.44649237389328333,combined,FN
anomaly_combined,74,938785,1,0,0.44649237389328333,combined,FN
anomaly_combined,76,938785,1,0,0.44232165163910003,combined,FN
anomaly_combined,78,938785,1,0,0.44232165163910003,combined,FN
anomaly_combined,80,938785,1,0,0.44232165163910003,combined,FN
anomaly_combined,82,938785,1,0,0.44232165163910003,combined,FN
anomaly_combined,84,938785,1,0,0.4410658156275515,combined,FN
anomaly_combined,86,938785,1,0,0.4410658156275515,combined,FN
anomaly_combined,88,938785,1,0,0.4410658156275515,combined,FN
anomaly_combined,90,938785,1,0,0.4410658156275515,combined,FN
anomaly_combined,92,938785,1,0,0.4401505371258241,combined,FN
anomaly_combined,94,938785,1,0,0.4401505371258241,combined,FN
anomaly_combined,96,938785,1,0,0.4401505371258241,combined,FN
anomaly_combined,98,938785,1,0,0.4401505371258241,combined,FN
anomaly_combined,100,938785,1,0,0.4401505371258241,combined,FN
anomaly_combined,102,938785,1,0,0.4401390810851791,combined,FN
anomaly_combined,104,938777,1,1,0.582563992756201,combined,TP
anomaly_combined,106,938776,1,1,0.5370075810502684,combined,TP
anomaly_combined,108,938776,1,1,0.5025256970451353,combined,TP
anomaly_combined,110,938776,1,1,0.5025256970451353,combined,TP
anomaly_combined,112,938776,1,1,0.5025256970451353,combined,TP
anomaly_combined,114,938776,1,1,0.5025256970451353,combined,TP
anomaly_combined,116,938776,1,1,0.5028738321235512,combined,TP
anomaly_combined,118,938776,1,1,0.5028738321235512,combined,TP
anomaly_combined,120,938776,1,1,0.5028738321235512,combined,TP
anomaly_combined,122,938776,1,1,0.5028738321235512,combined,TP
anomaly_combined,124,938776,1,1,0.5028738321235512,combined,TP
anomaly_combined,126,938785,1,1,0.5233871421328915,combined,TP
anomaly_combined,128,938785,1,0,0.44001145163011796,combined,FN
anomaly_combined,130,938785,1,0,0.44001145163011796,combined,FN
anomaly_combined,132,938785,1,0,0.44001145163011796,combined,FN
anomaly_combined,134,938785,1,0,0.44219982249199796,combined,FN
anomaly_combined,136,938785,1,0,0.44219982249199796,combined,FN
anomaly_combined,138,938785,1,0,0.44219982249199796,combined,FN
anomaly_combined,140,938785,1,0,0.44219982249199796,combined,FN
anomaly_combined,142,938785,1,0,0.44219982249199796,combined,FN
anomaly_combined,144,938785,1,0,0.44219982249199796,combined,FN
anomaly_combined,146,938785,1,0,0.44219982249199796,combined,FN
anomaly_combined,148,938785,1,0,0.44219982249199796,combined,FN
anomaly_combined,150,938785,1,0,0.44219982249199796,combined,FN
anomaly_combined,152,938785,1,0,0.44219982249199796,combined,FN
anomaly_combined,154,938785,1,0,0.44219982249199796,combined,FN
anomaly_combined,156,938785,1,0,0.44219982249199796,combined,FN
anomaly_combined,158,938785,1,0,0.44219982249199796,combined,FN
anomaly_combined,160,938785,1,1,0.4486779297106868,combined,TP
anomaly_combined,162,938785,1,1,0.4486779297106868,combined,TP
anomaly_combined,164,938785,1,1,0.4486779297106868,combined,TP
anomaly_combined,166,938785,1,1,0.4486779297106868,combined,TP
anomaly_combined,168,938785,1,1,0.4486779297106868,combined,TP
anomaly_combined,170,938785,1,1,0.4486779297106868,combined,TP
anomaly_combined,172,938785,1,1,0.4486779297106868,combined,TP
anomaly_combined,174,938785,1,1,0.4486779297106868,combined,TP
anomaly_combined,176,938785,1,1,0.4486779297106868,combined,TP
anomaly_combined,178,938785,1,1,0.4486779297106868,combined,TP
anomaly_combined,180,938785,1,1,0.4486779297106868,combined,TP
