run_id,wtime,pss,label,pred_ocsvm,score_ocsvm,anomaly_type,flag_type
normal_io_01,0,1203,0,1,0.963962952581312,io_normal,FP
normal_io_01,2,1201,0,1,14.187609365106812,io_normal,FP
normal_io_01,4,1201,0,1,12.944579223826164,io_normal,FP
normal_io_01,6,1201,0,1,13.35707606263969,io_normal,FP
normal_io_01,8,1203,0,1,12.74383119937375,io_normal,FP
normal_io_01,10,1203,0,1,10.822226398386743,io_normal,FP
normal_io_01,12,1203,0,1,10.482817926676253,io_normal,FP
normal_io_01,14,1203,0,1,12.230322810223662,io_normal,FP
normal_io_01,16,1203,0,1,14.447624327895294,io_normal,FP
normal_io_01,18,1203,0,1,15.22311151886418,io_normal,FP
normal_io_01,20,1210,0,1,15.441450512135399,io_normal,FP
anomaly_mem_spike,0,497821,1,1,15.238296318726478,mem_spike,TP
anomaly_mem_spike,2,1173049,1,1,21.084970042427287,mem_spike,TP
anomaly_mem_spike,4,1173051,1,1,21.08472634661985,mem_spike,TP
anomaly_mem_spike,6,1173051,1,1,21.08472634662107,mem_spike,TP
anomaly_mem_spike,8,1173051,1,1,21.084726346621267,mem_spike,TP
anomaly_mem_spike,10,1173051,1,1,21.084726346621384,mem_spike,TP
anomaly_mem_spike,12,1173051,1,1,21.08472634662146,mem_spike,TP
anomaly_mem_spike,14,1173051,1,1,21.084726346621515,mem_spike,TP
anomaly_mem_spike,16,1173051,1,1,21.084726346621558,mem_spike,TP
anomaly_mem_spike,18,1173051,1,1,21.08472634662159,mem_spike,TP
anomaly_mem_spike,20,1173051,1,1,21.084726346621615,mem_spike,TP
anomaly_mem_spike,22,1173051,1,1,21.084726346621636,mem_spike,TP
anomaly_mem_spike,24,1173051,1,1,21.084726346621654,mem_spike,TP
anomaly_mem_spike,26,1173051,1,1,21.084726346621668,mem_spike,TP
anomaly_mem_spike,28,1173051,1,1,21.084726346621682,mem_spike,TP
anomaly_mem_spike,30,1173051,1,1,21.084726346621693,mem_spike,TP
anomaly_mem_spike,32,1173051,1,1,21.084726346621704,mem_spike,TP
anomaly_mem_spike,34,1173051,1,1,21.08472634662171,mem_spike,TP
anomaly_mem_spike,36,1173051,1,1,21.084726346621718,mem_spike,TP
anomaly_mem_spike,38,1173051,1,1,21.084726346621725,mem_spike,TP
anomaly_mem_spike,40,1173051,1,1,21.084726346621732,mem_spike,TP
anomaly_mem_spike,42,1173051,1,1,21.084726346621736,mem_spike,TP
anomaly_mem_spike,44,1173051,1,1,21.084726346621743,mem_spike,TP
anomaly_mem_spike,46,1173051,1,1,21.084726346621746,mem_spike,TP
anomaly_mem_spike,48,1173051,1,1,21.08472634662175,mem_spike,TP
anomaly_mem_spike,50,1173051,1,1,21.084726346621753,mem_spike,TP
anomaly_mem_spike,52,1173057,1,1,21.084726376202845,mem_spike,TP
anomaly_mem_spike,54,1173052,1,1,21.084726351569557,mem_spike,TP
anomaly_mem_spike,56,1173052,1,1,21.08472635155068,mem_spike,TP
anomaly_mem_spike,58,1173052,1,1,21.084726351550685,mem_spike,TP
anomaly_mem_spike,60,1173062,1,1,21.08472640086884,mem_spike,TP
anomaly_mem_spike,62,1173062,1,1,21.08472640083465,mem_spike,TP
anomaly_mem_spike,64,1173062,1,1,21.084726400834654,mem_spike,TP
anomaly_mem_spike,66,1173062,1,1,21.084726400834654,mem_spike,TP
anomaly_mem_spike,68,1173062,1,1,21.084726400834658,mem_spike,TP
anomaly_mem_spike,70,1173062,1,1,21.084726400834658,mem_spike,TP
anomaly_mem_spike,72,1173058,1,1,21.084726381135393,mem_spike,TP
anomaly_mem_spike,74,1173058,1,1,21.084726381122213,mem_spike,TP
anomaly_mem_spike,76,1173058,1,1,21.084726381122216,mem_spike,TP
anomaly_mem_spike,78,1173058,1,1,21.084726381122216,mem_spike,TP
anomaly_mem_spike,80,1173058,1,1,21.08472638112222,mem_spike,TP
anomaly_mem_spike,82,1173055,1,1,21.08472636634534,mem_spike,TP
anomaly_mem_spike,84,1173055,1,1,21.08472636633689,mem_spike,TP
anomaly_mem_spike,86,1173055,1,1,21.08472636633689,mem_spike,TP
anomaly_mem_spike,88,1173058,1,1,21.084726381122408,mem_spike,TP
anomaly_mem_spike,90,1173058,1,1,21.084726381122223,mem_spike,TP
anomaly_mem_spike,92,1173058,1,1,21.084726381122227,mem_spike,TP
anomaly_mem_spike,94,1173058,1,1,21.084726381122227,mem_spike,TP
anomaly_mem_spike,96,1173058,1,1,21.084726381122227,mem_spike,TP
anomaly_mem_spike,98,1173058,1,1,21.08472638112223,mem_spike,TP
anomaly_mem_spike,100,1173058,1,1,21.08472638112223,mem_spike,TP
anomaly_mem_spike,102,1173058,1,1,21.08472638112223,mem_spike,TP
anomaly_mem_spike,104,1173058,1,1,21.08472638112223,mem_spike,TP
anomaly_mem_spike,106,1173058,1,1,21.084726381122234,mem_spike,TP
anomaly_mem_spike,108,1173058,1,1,21.084726381122234,mem_spike,TP
anomaly_mem_spike,110,1173058,1,1,21.084726381122234,mem_spike,TP
anomaly_mem_spike,112,1173058,1,1,21.084726381122234,mem_spike,TP
anomaly_mem_spike,114,1173058,1,1,21.084726381122234,mem_spike,TP
anomaly_mem_spike,116,1173055,1,1,21.084726366345354,mem_spike,TP
anomaly_mem_spike,118,1173055,1,1,21.084726366336906,mem_spike,TP
anomaly_mem_spike,120,1173055,1,1,21.08472636633691,mem_spike,TP
anomaly_mem_spike,122,1173055,1,1,21.08472636633691,mem_spike,TP
anomaly_mem_spike,124,1173055,1,1,21.08472636633691,mem_spike,TP
anomaly_mem_spike,126,1173055,1,1,21.08472636633691,mem_spike,TP
anomaly_mem_spike,128,1173055,1,1,21.08472636633691,mem_spike,TP
anomaly_mem_spike,130,1173055,1,1,21.08472636633691,mem_spike,TP
anomaly_mem_spike,132,1173055,1,1,21.084726366336913,mem_spike,TP
anomaly_mem_spike,134,1173055,1,1,21.084726366336913,mem_spike,TP
anomaly_mem_spike,136,1173055,1,1,21.084726366336913,mem_spike,TP
anomaly_mem_spike,138,1173055,1,1,21.084726366336913,mem_spike,TP
anomaly_mem_spike,140,1173055,1,1,21.084726366336913,mem_spike,TP
anomaly_mem_spike,142,1173055,1,1,21.084726366336913,mem_spike,TP
anomaly_mem_spike,144,1173055,1,1,21.084726366336913,mem_spike,TP
anomaly_mem_spike,146,1173055,1,1,21.084726366336916,mem_spike,TP
anomaly_mem_spike,148,1173055,1,1,21.084726366336916,mem_spike,TP
anomaly_mem_spike,150,1173055,1,1,21.084726366336916,mem_spike,TP
anomaly_mem_spike,152,1173055,1,1,21.084726366336916,mem_spike,TP
anomaly_mem_spike,154,1173055,1,1,21.084726366336916,mem_spike,TP
anomaly_mem_spike,156,1173055,1,1,21.084726366336916,mem_spike,TP
anomaly_mem_spike,158,1173055,1,1,21.084726366336916,mem_spike,TP
anomaly_mem_spike,160,1173055,1,1,21.084726366336916,mem_spike,TP
anomaly_mem_spike,162,1173055,1,1,21.084726366336916,mem_spike,TP
anomaly_mem_spike,164,1173055,1,1,21.08472636633692,mem_spike,TP
anomaly_mem_spike,166,1173055,1,1,21.08472636633692,mem_spike,TP
anomaly_mem_spike,168,1173055,1,1,21.08472636633692,mem_spike,TP
anomaly_mem_spike,170,1173055,1,1,21.08472636633692,mem_spike,TP
anomaly_mem_spike,172,1173055,1,1,21.08472636633692,mem_spike,TP
anomaly_mem_spike,174,1173055,1,1,21.08472636633692,mem_spike,TP
anomaly_mem_spike,176,1173051,1,1,21.084726346635005,mem_spike,TP
anomaly_mem_spike,178,1173050,1,1,21.08472634169467,mem_spike,TP
anomaly_mem_spike,180,1173055,1,1,21.084726366342025,mem_spike,TP
normal_mem_01,0,147669,0,0,-1.3355345975787642,mem_normal,TN
normal_mem_01,2,147669,0,0,-1.3355167873433942,mem_normal,TN
normal_mem_01,4,147665,0,0,-1.3355481752371716,mem_normal,TN
normal_mem_01,6,147665,0,0,-1.3355462924846115,mem_normal,TN
normal_mem_01,8,147666,0,0,-1.3355345143362811,mem_normal,TN
normal_mem_01,10,147666,0,0,-1.3355335727566278,mem_normal,TN
normal_mem_01,12,147666,0,0,-1.3355329789466488,mem_normal,TN
normal_mem_01,14,147666,0,0,-1.3355325547946464,mem_normal,TN
normal_mem_01,16,147666,0,0,-1.3355322366795512,mem_normal,TN
normal_mem_01,18,147672,0,0,-1.3354688956963656,mem_normal,TN
normal_mem_01,20,147672,0,0,-1.3354697165908895,mem_normal,TN
normal_mem_01,22,147672,0,0,-1.3354695546433248,mem_normal,TN
normal_mem_01,24,147672,0,0,-1.3354694196868238,mem_normal,TN
normal_mem_01,26,146958,0,0,-1.3202000304807449,mem_normal,TN
normal_mem_01,28,147231,0,0,-1.3367327811509888,mem_normal,TN
normal_mem_01,30,147231,0,0,-1.3399965467462849,mem_normal,TN
normal_mem_01,32,147372,0,0,-1.3376924992801769,mem_normal,TN
normal_mem_01,34,147372,0,0,-1.3385565965202382,mem_normal,TN
normal_mem_01,36,147372,0,0,-1.3385565382499856,mem_normal,TN
normal_mem_01,38,147371,0,0,-1.338566583995835,mem_normal,TN
normal_mem_01,40,147371,0,0,-1.3385666762085897,mem_normal,TN
normal_mem_01,42,147369,0,0,-1.338586740138993,mem_normal,TN
normal_mem_01,44,147369,0,0,-1.3385870680983238,mem_normal,TN
normal_mem_01,46,147369,0,0,-1.3385870328593903,mem_normal,TN
normal_mem_01,48,147369,0,0,-1.338587000557034,mem_normal,TN
normal_mem_01,50,147369,0,0,-1.338586970838854,mem_normal,TN
normal_mem_01,52,147369,0,0,-1.3385869434066855,mem_normal,TN
normal_mem_01,54,147369,0,0,-1.3385869180064986,mem_normal,TN
normal_mem_01,56,147369,0,0,-1.3385868944206365,mem_normal,TN
normal_mem_01,58,147369,0,0,-1.338586872461363,mem_normal,TN
normal_mem_01,60,147369,0,0,-1.338586851966042,mem_normal,TN
normal_mem_01,62,147365,0,0,-1.3386266880392341,mem_normal,TN
normal_mem_01,64,147365,0,0,-1.338627756304625,mem_normal,TN
normal_mem_01,66,147364,0,0,-1.3386378347407621,mem_normal,TN
normal_mem_01,68,147364,0,0,-1.3386379579840906,mem_normal,TN
normal_mem_01,70,147369,0,0,-1.338586138494211,mem_normal,TN
normal_mem_01,72,147369,0,0,-1.3385867529052717,mem_normal,TN
normal_mem_01,74,147369,0,0,-1.338586739518675,mem_normal,TN
normal_mem_01,76,147369,0,0,-1.338586726836624,mem_normal,TN
normal_mem_01,78,147369,0,0,-1.3385867148049506,mem_normal,TN
normal_mem_01,80,147369,0,0,-1.3385867033748475,mem_normal,TN
normal_mem_01,82,147369,0,0,-1.338586692502325,mem_normal,TN
normal_mem_01,84,147369,0,0,-1.3385866821475219,mem_normal,TN
normal_mem_01,86,147369,0,0,-1.3385866722743458,mem_normal,TN
normal_mem_01,88,147369,0,0,-1.338586662849945,mem_normal,TN
normal_mem_01,90,147369,0,0,-1.3385866538444056,mem_normal,TN
normal_mem_01,92,147369,0,0,-1.3385866452304178,mem_normal,TN
normal_mem_01,94,147369,0,0,-1.3385866369829742,mem_normal,TN
normal_mem_01,96,147369,0,0,-1.338586629079174,mem_normal,TN
normal_mem_01,98,147369,0,0,-1.3385866214979814,mem_normal,TN
normal_mem_01,100,147369,0,0,-1.3385866142200342,mem_normal,TN
normal_mem_01,102,147369,0,0,-1.338586607227498,mem_normal,TN
normal_mem_01,104,147369,0,0,-1.3385866005039126,mem_normal,TN
normal_mem_01,106,147369,0,0,-1.3385865940340338,mem_normal,TN
normal_mem_01,108,147371,0,0,-1.3385661282915748,mem_normal,TN
normal_mem_01,110,147371,0,0,-1.3385661088643381,mem_normal,TN
normal_mem_01,112,147371,0,0,-1.3385661030750917,mem_normal,TN
normal_mem_01,114,147371,0,0,-1.3385660974889788,mem_normal,TN
normal_mem_01,116,147371,0,0,-1.338566092095494,mem_normal,TN
normal_mem_01,118,147371,0,0,-1.3385660868848355,mem_normal,TN
normal_mem_01,120,147371,0,0,-1.338566081847869,mem_normal,TN
normal_mem_01,122,147369,0,0,-1.338586183357279,mem_normal,TN
normal_mem_01,124,147369,0,0,-1.3385865451969075,mem_normal,TN
normal_mem_01,126,147369,0,0,-1.3385865406318835,mem_normal,TN
normal_mem_01,128,147371,0,0,-1.3385660766976173,mem_normal,TN
normal_mem_01,130,147369,0,0,-1.338586165368902,mem_normal,TN
normal_mem_01,132,147369,0,0,-1.338586527766811,mem_normal,TN
normal_mem_01,134,147371,0,0,-1.338566064222654,mem_normal,TN
normal_mem_01,136,147371,0,0,-1.3385660468853686,mem_normal,TN
normal_mem_01,138,147371,0,0,-1.3385660430850947,mem_normal,TN
normal_mem_01,140,147371,0,0,-1.3385660393934025,mem_normal,TN
normal_mem_01,142,147371,0,0,-1.3385660358057017,mem_normal,TN
normal_mem_01,144,147371,0,0,-1.338566032317658,mem_normal,TN
normal_mem_01,146,147371,0,0,-1.3385660289251682,mem_normal,TN
normal_mem_01,148,147371,0,0,-1.338566025624381,mem_normal,TN
normal_mem_01,150,147371,0,0,-1.3385660224116087,mem_normal,TN
normal_mem_01,152,147371,0,0,-1.338566019283391,mem_normal,TN
normal_mem_01,154,147371,0,0,-1.3385660162364097,mem_normal,TN
normal_mem_01,156,147371,0,0,-1.3385660132675632,mem_normal,TN
normal_mem_01,158,147376,0,0,-1.338514193079213,mem_normal,TN
normal_mem_01,160,147376,0,0,-1.3385148188155682,mem_normal,TN
normal_mem_01,162,147381,0,0,-1.3384629896313065,mem_normal,TN
normal_mem_01,164,147381,0,0,-1.3384636155009453,mem_normal,TN
normal_mem_01,166,147381,0,0,-1.3384636128811493,mem_normal,TN
normal_mem_01,168,147381,0,0,-1.3384636103237249,mem_normal,TN
normal_mem_01,170,147381,0,0,-1.3384636078264798,mem_normal,TN
normal_mem_01,172,147381,0,0,-1.3384636053873145,mem_normal,TN
normal_mem_01,174,147381,0,0,-1.338463603004211,mem_normal,TN
normal_mem_01,176,147381,0,0,-1.3384636006752793,mem_normal,TN
normal_mem_01,178,147381,0,0,-1.338463598398672,mem_normal,TN
normal_mem_01,180,147381,0,0,-1.3384635961726588,mem_normal,TN
anomaly_thread_spike,0,1327,1,1,21.08496757983009,thread_spike,TP
anomaly_thread_spike,2,1327,1,1,21.08497004206185,thread_spike,TP
anomaly_thread_spike,4,1327,1,1,21.084970042414344,thread_spike,TP
anomaly_thread_spike,6,1327,1,1,21.084970042417194,thread_spike,TP
anomaly_thread_spike,8,1327,1,1,21.08497004242282,thread_spike,TP
anomaly_thread_spike,10,1321,1,1,21.084970042422395,thread_spike,TP
anomaly_thread_spike,12,1321,1,1,21.084970042421155,thread_spike,TP
anomaly_thread_spike,14,1327,1,1,21.084970042423123,thread_spike,TP
anomaly_thread_spike,16,1327,1,1,21.084970042422835,thread_spike,TP
anomaly_thread_spike,18,1327,1,1,21.08497004242263,thread_spike,TP
anomaly_thread_spike,20,1327,1,1,21.084970042423713,thread_spike,TP
anomaly_thread_spike,22,1327,1,1,21.084970042423578,thread_spike,TP
anomaly_thread_spike,24,1327,1,1,21.084970042423183,thread_spike,TP
anomaly_thread_spike,26,1327,1,1,21.084970042424036,thread_spike,TP
anomaly_thread_spike,28,1327,1,1,21.084970042424047,thread_spike,TP
anomaly_thread_spike,30,1327,1,1,21.084970042424693,thread_spike,TP
anomaly_thread_spike,32,1327,1,1,21.084970042424754,thread_spike,TP
anomaly_thread_spike,34,1327,1,1,21.084970042424853,thread_spike,TP
anomaly_thread_spike,36,1327,1,1,21.08497004242535,thread_spike,TP
anomaly_thread_spike,38,1327,1,1,21.084970042425468,thread_spike,TP
anomaly_thread_spike,40,1327,1,1,21.084970042425603,thread_spike,TP
anomaly_thread_spike,42,1328,1,1,21.08497004242597,thread_spike,TP
anomaly_thread_spike,44,1327,1,1,21.084970042426093,thread_spike,TP
anomaly_thread_spike,46,1327,1,1,21.08497004242617,thread_spike,TP
anomaly_thread_spike,48,1327,1,1,21.084970042426434,thread_spike,TP
anomaly_thread_spike,50,1327,1,1,21.084970042426544,thread_spike,TP
anomaly_thread_spike,52,1327,1,1,21.08497004242673,thread_spike,TP
anomaly_thread_spike,54,1327,1,1,21.084970042426793,thread_spike,TP
anomaly_thread_spike,56,1327,1,1,21.084970042426875,thread_spike,TP
anomaly_thread_spike,58,1327,1,1,21.084970042426985,thread_spike,TP
anomaly_thread_spike,60,1327,1,1,21.08497004242703,thread_spike,TP
anomaly_thread_spike,62,1327,1,1,21.084970042427113,thread_spike,TP
anomaly_thread_spike,64,1327,1,1,21.08497004242714,thread_spike,TP
anomaly_thread_spike,66,1327,1,1,21.084970042427173,thread_spike,TP
anomaly_thread_spike,68,1327,1,1,21.08497004242721,thread_spike,TP
anomaly_thread_spike,70,1327,1,1,21.084970042427223,thread_spike,TP
anomaly_thread_spike,72,1327,1,1,21.08497004242724,thread_spike,TP
anomaly_thread_spike,74,1327,1,1,21.084970042427255,thread_spike,TP
anomaly_thread_spike,76,1327,1,1,21.084970042427262,thread_spike,TP
anomaly_thread_spike,78,1327,1,1,21.084970042427273,thread_spike,TP
anomaly_thread_spike,80,1327,1,1,21.084970042427276,thread_spike,TP
anomaly_thread_spike,82,1327,1,1,21.08497004242728,thread_spike,TP
anomaly_thread_spike,84,1327,1,1,21.084970042427283,thread_spike,TP
anomaly_thread_spike,86,1327,1,1,21.084970042427283,thread_spike,TP
anomaly_thread_spike,88,1327,1,1,21.084970042427283,thread_spike,TP
anomaly_thread_spike,90,1327,1,1,21.084970042427287,thread_spike,TP
anomaly_thread_spike,92,1322,1,1,21.084970042427287,thread_spike,TP
anomaly_thread_spike,94,1321,1,1,21.084970042427287,thread_spike,TP
anomaly_thread_spike,96,1327,1,1,21.084970042427287,thread_spike,TP
anomaly_thread_spike,98,1327,1,1,21.084970042427287,thread_spike,TP
anomaly_thread_spike,100,1327,1,1,21.084970042427287,thread_spike,TP
anomaly_thread_spike,102,1327,1,1,21.084970042427287,thread_spike,TP
anomaly_thread_spike,104,1327,1,1,21.084970042427287,thread_spike,TP
anomaly_thread_spike,106,1327,1,1,21.084970042427287,thread_spike,TP
anomaly_thread_spike,108,1327,1,1,21.084970042427287,thread_spike,TP
anomaly_thread_spike,110,1327,1,1,21.084970042427287,thread_spike,TP
anomaly_thread_spike,112,1327,1,1,21.084970042427287,thread_spike,TP
anomaly_thread_spike,114,1322,1,1,21.084970042427287,thread_spike,TP
anomaly_thread_spike,116,1321,1,1,21.084970042427287,thread_spike,TP
anomaly_thread_spike,118,1319,1,1,21.084970042427287,thread_spike,TP
anomaly_thread_spike,120,1321,1,1,21.084970042427287,thread_spike,TP
anomaly_thread_spike,122,1321,1,1,21.084970042427287,thread_spike,TP
anomaly_thread_spike,124,1321,1,1,21.084970042427287,thread_spike,TP
anomaly_thread_spike,126,1321,1,1,21.084970042427287,thread_spike,TP
anomaly_thread_spike,128,1321,1,1,21.084970042427287,thread_spike,TP
anomaly_thread_spike,130,1321,1,1,21.084970042427287,thread_spike,TP
anomaly_thread_spike,132,1321,1,1,21.084970042427287,thread_spike,TP
anomaly_thread_spike,134,1321,1,1,21.084970042427287,thread_spike,TP
anomaly_thread_spike,136,1321,1,1,21.084970042427287,thread_spike,TP
anomaly_thread_spike,138,1321,1,1,21.084970042427287,thread_spike,TP
anomaly_thread_spike,140,1321,1,1,21.084970042427287,thread_spike,TP
anomaly_thread_spike,142,1321,1,1,21.084970042427287,thread_spike,TP
anomaly_thread_spike,144,1319,1,1,21.084970042427287,thread_spike,TP
anomaly_thread_spike,146,1321,1,1,21.084970042427287,thread_spike,TP
anomaly_thread_spike,148,1321,1,1,21.084970042427287,thread_spike,TP
anomaly_thread_spike,150,1321,1,1,21.084970042427287,thread_spike,TP
anomaly_thread_spike,152,1321,1,1,21.084970042427287,thread_spike,TP
anomaly_thread_spike,154,1321,1,1,21.084970042427287,thread_spike,TP
anomaly_thread_spike,156,1321,1,1,21.084970042427287,thread_spike,TP
anomaly_thread_spike,158,1321,1,1,21.084970042427287,thread_spike,TP
anomaly_thread_spike,160,1321,1,1,21.084970042427287,thread_spike,TP
anomaly_thread_spike,162,1327,1,1,21.084970042427287,thread_spike,TP
anomaly_thread_spike,164,1327,1,1,21.084970042427287,thread_spike,TP
anomaly_thread_spike,166,1327,1,1,21.084970042427287,thread_spike,TP
anomaly_thread_spike,168,1327,1,1,21.084970042427287,thread_spike,TP
anomaly_thread_spike,170,1327,1,1,21.084970042427287,thread_spike,TP
anomaly_thread_spike,172,1327,1,1,21.084970042427287,thread_spike,TP
anomaly_thread_spike,174,1327,1,1,21.084970042427287,thread_spike,TP
anomaly_thread_spike,176,1327,1,1,21.084970042427287,thread_spike,TP
anomaly_thread_spike,178,1327,1,1,21.084970042427287,thread_spike,TP
anomaly_thread_spike,180,1327,1,1,21.084970042427287,thread_spike,TP
normal_mem_04,0,206268,0,0,-5.722578892175534e-05,mem_normal_heavy,TN
normal_mem_04,2,206268,0,0,-4.324280214262899e-05,mem_normal_heavy,TN
normal_mem_04,4,206272,0,1,8.277230806541525e-05,mem_normal_heavy,FP
normal_mem_04,6,206272,0,1,8.481649621572274e-05,mem_normal_heavy,FP
normal_mem_04,8,206272,0,1,8.598201018017448e-05,mem_normal_heavy,FP
normal_mem_04,10,206272,0,1,8.668132798916872e-05,mem_normal_heavy,FP
normal_mem_04,12,206272,0,1,8.714754380179102e-05,mem_normal_heavy,FP
normal_mem_04,14,206268,0,0,-3.0213710466853172e-05,mem_normal_heavy,TN
normal_mem_04,16,206268,0,0,-3.100536658351416e-05,mem_normal_heavy,TN
normal_mem_04,18,206269,0,0,-1.180477333662111e-06,mem_normal_heavy,TN
normal_mem_04,20,206269,0,0,-9.72244276198353e-07,mem_normal_heavy,TN
normal_mem_04,22,206265,0,0,-0.00011853558056529323,mem_normal_heavy,TN
normal_mem_04,24,206265,0,0,-0.00011947104205134451,mem_normal_heavy,TN
normal_mem_04,26,206265,0,0,-0.00011938138061040604,mem_normal_heavy,TN
normal_mem_04,28,206269,0,0,-2.858349894552248e-07,mem_normal_heavy,TN
normal_mem_04,30,206269,0,0,-5.060130412459785e-07,mem_normal_heavy,TN
normal_mem_04,32,206269,0,0,-4.477339103914346e-07,mem_normal_heavy,TN
normal_mem_04,34,206269,0,0,-3.963111083749027e-07,mem_normal_heavy,TN
normal_mem_04,36,206269,0,0,-3.506019190524512e-07,mem_normal_heavy,TN
normal_mem_04,38,206269,0,0,-3.0970419828690865e-07,mem_normal_heavy,TN
normal_mem_04,40,206269,0,0,-2.728962336107088e-07,mem_normal_heavy,TN
normal_mem_04,42,206269,0,0,-2.395937670485182e-07,mem_normal_heavy,TN
normal_mem_04,44,206269,0,0,-2.0931879518570895e-07,mem_normal_heavy,TN
normal_mem_04,46,206269,0,0,-1.8167640902788662e-07,mem_normal_heavy,TN
normal_mem_04,48,206269,0,0,-1.5633753847055232e-07,mem_normal_heavy,TN
normal_mem_04,50,206269,0,0,-1.3302578594220904e-07,mem_normal_heavy,TN
normal_mem_04,52,206269,0,0,-1.1150722656338985e-07,mem_normal_heavy,TN
normal_mem_04,54,206269,0,0,-9.158262770370129e-08,mem_normal_heavy,TN
normal_mem_04,56,206265,0,0,-0.00011776355794523852,mem_normal_heavy,TN
normal_mem_04,58,206265,0,0,-0.00011878775703877409,mem_normal_heavy,TN
normal_mem_04,60,206265,0,0,-0.00011877167967355717,mem_normal_heavy,TN
normal_mem_04,62,206261,0,0,-0.00023644209525741644,mem_normal_heavy,TN
normal_mem_04,64,206260,0,0,-0.0002670145249332734,mem_normal_heavy,TN
normal_mem_04,66,206269,0,1,2.515652617773867e-06,mem_normal_heavy,FP
normal_mem_04,68,206269,0,1,1.5072654235837035e-08,mem_normal_heavy,FP
normal_mem_04,70,206269,0,1,2.6826512566913152e-08,mem_normal_heavy,FP
normal_mem_04,72,206265,0,0,-0.0001176525474591017,mem_normal_heavy,TN
normal_mem_04,74,206265,0,0,-0.00011868347130317147,mem_normal_heavy,TN
normal_mem_04,76,206269,0,1,3.4515904090426375e-07,mem_normal_heavy,FP
normal_mem_04,78,206269,0,1,6.781434080949111e-08,mem_normal_heavy,FP
normal_mem_04,80,206269,0,1,7.678043445480398e-08,mem_normal_heavy,FP
normal_mem_04,82,206265,0,0,-0.00011760516487413497,mem_normal_heavy,TN
normal_mem_04,84,206265,0,0,-0.00011863846697579561,mem_normal_heavy,TN
normal_mem_04,86,206265,0,0,-0.0001186307220528704,mem_normal_heavy,TN
normal_mem_04,88,206265,0,0,-0.00011862332916834362,mem_normal_heavy,TN
normal_mem_04,90,206265,0,0,-0.00011861626484233057,mem_normal_heavy,TN
normal_mem_04,92,206265,0,0,-0.00011860950766973133,mem_normal_heavy,TN
normal_mem_04,94,206265,0,0,-0.00011860303803246097,mem_normal_heavy,TN
normal_mem_04,96,206265,0,0,-0.00011859683796799914,mem_normal_heavy,TN
normal_mem_04,98,206265,0,0,-0.00011859089095977993,mem_normal_heavy,TN
normal_mem_04,100,206265,0,0,-0.00011858518184126865,mem_normal_heavy,TN
normal_mem_04,102,206265,0,0,-0.00011857969660411527,mem_normal_heavy,TN
normal_mem_04,104,206265,0,0,-0.00011857442233775828,mem_normal_heavy,TN
normal_mem_04,106,206265,0,0,-0.00011856934709442157,mem_normal_heavy,TN
normal_mem_04,108,206261,0,0,-0.00023624991225190684,mem_normal_heavy,TN
normal_mem_04,110,206261,0,0,-0.00023728663216715518,mem_normal_heavy,TN
normal_mem_04,112,206260,0,0,-0.00026682719042625536,mem_normal_heavy,TN
normal_mem_04,114,206265,0,0,-0.00011798481224190027,mem_normal_heavy,TN
normal_mem_04,116,206265,0,0,-0.00011854659601340245,mem_normal_heavy,TN
normal_mem_04,118,206265,0,0,-0.00011854250853104986,mem_normal_heavy,TN
normal_mem_04,120,206265,0,0,-0.00011853855729526686,mem_normal_heavy,TN
normal_mem_04,122,206265,0,0,-0.00011853473561274086,mem_normal_heavy,TN
normal_mem_04,124,206265,0,0,-0.00011853103720937952,mem_normal_heavy,TN
normal_mem_04,126,206265,0,0,-0.00011852745621609984,mem_normal_heavy,TN
normal_mem_04,128,206265,0,0,-0.00011852398712619561,mem_normal_heavy,TN
normal_mem_04,130,206265,0,0,-0.00011852062477402114,mem_normal_heavy,TN
normal_mem_04,132,206265,0,0,-0.0001185173643172277,mem_normal_heavy,TN
normal_mem_04,134,206265,0,0,-0.00011851420118702549,mem_normal_heavy,TN
normal_mem_04,136,206265,0,0,-0.00011851113108463096,mem_normal_heavy,TN
normal_mem_04,138,206268,0,0,-2.9369129460832255e-05,mem_normal_heavy,TN
normal_mem_04,140,206262,0,0,-0.00020549066151431816,mem_normal_heavy,TN
normal_mem_04,142,206261,0,0,-0.00023709348362288551,mem_normal_heavy,TN
normal_mem_04,144,206261,0,0,-0.0002372265843568755,mem_normal_heavy,TN
normal_mem_04,146,206268,0,0,-2.8075085037215786e-05,mem_normal_heavy,TN
normal_mem_04,148,206268,0,0,-2.944600099397121e-05,mem_normal_heavy,TN
normal_mem_04,150,206268,0,0,-2.9443480769941743e-05,mem_normal_heavy,TN
normal_mem_04,152,206268,0,0,-2.9441026882182086e-05,mem_normal_heavy,TN
normal_mem_04,154,206268,0,0,-2.94386367230004e-05,mem_normal_heavy,TN
normal_mem_04,156,206268,0,0,-2.9436307848129672e-05,mem_normal_heavy,TN
normal_mem_04,158,206268,0,0,-2.9434037937647872e-05,mem_normal_heavy,TN
normal_mem_04,160,206268,0,0,-2.9431824774661663e-05,mem_normal_heavy,TN
normal_mem_04,162,206268,0,0,-2.942966625596455e-05,mem_normal_heavy,TN
normal_mem_04,164,206268,0,0,-2.9427560381378726e-05,mem_normal_heavy,TN
normal_mem_04,166,206268,0,0,-2.9425505264413232e-05,mem_normal_heavy,TN
normal_mem_04,168,206268,0,0,-2.9423499057656954e-05,mem_normal_heavy,TN
normal_mem_04,170,206268,0,0,-2.9421540073570895e-05,mem_normal_heavy,TN
normal_mem_04,172,206268,0,0,-2.94196266352742e-05,mem_normal_heavy,TN
normal_mem_04,174,206268,0,0,-2.9417757190230986e-05,mem_normal_heavy,TN
normal_mem_04,176,206268,0,0,-2.9415930228537945e-05,mem_normal_heavy,TN
normal_mem_04,178,206268,0,0,-2.9414144329109604e-05,mem_normal_heavy,TN
normal_mem_04,180,0,0,1,20.083810365079465,mem_normal_heavy,FP
normal_mem_03,0,98833,0,0,-1.4255942869151426,mem_normal_light,TN
normal_mem_03,2,98833,0,0,-1.4255738000989986,mem_normal_light,TN
normal_mem_03,4,98833,0,0,-1.4255635555914665,mem_normal_light,TN
normal_mem_03,6,98829,0,0,-1.4255308194152967,mem_normal_light,TN
normal_mem_03,8,98829,0,0,-1.4255301836553187,mem_normal_light,TN
normal_mem_03,10,98832,0,0,-1.4255502200053307,mem_normal_light,TN
normal_mem_03,12,98835,0,0,-1.4255707213039308,mem_normal_light,TN
normal_mem_03,14,98835,0,0,-1.425570360154662,mem_normal_light,TN
normal_mem_03,16,98835,0,0,-1.4255699942486366,mem_normal_light,TN
normal_mem_03,18,98833,0,0,-1.4255552284915183,mem_normal_light,TN
normal_mem_03,20,98833,0,0,-1.425555359457693,mem_normal_light,TN
normal_mem_03,22,98835,0,0,-1.4255692998407383,mem_normal_light,TN
normal_mem_03,24,98837,0,0,-1.425583265665928,mem_normal_light,TN
normal_mem_03,26,98835,0,0,-1.4255686504689074,mem_normal_light,TN
normal_mem_03,28,98833,0,0,-1.4255544153587358,mem_normal_light,TN
normal_mem_03,30,98833,0,0,-1.4255546764253637,mem_normal_light,TN
normal_mem_03,32,98833,0,0,-1.425554591046101,mem_normal_light,TN
normal_mem_03,34,98833,0,0,-1.4255545157114042,mem_normal_light,TN
normal_mem_03,36,98833,0,0,-1.425554448747203,mem_normal_light,TN
normal_mem_03,38,98835,0,0,-1.425568515499311,mem_normal_light,TN
normal_mem_03,40,98835,0,0,-1.4255684574330907,mem_normal_light,TN
normal_mem_03,42,98835,0,0,-1.4255684086450344,mem_normal_light,TN
normal_mem_03,44,98835,0,0,-1.4255683642922357,mem_normal_light,TN
normal_mem_03,46,98835,0,0,-1.4255683237961776,mem_normal_light,TN
normal_mem_03,48,98835,0,0,-1.4255682866748032,mem_normal_light,TN
normal_mem_03,50,98835,0,0,-1.4255682525231101,mem_normal_light,TN
normal_mem_03,52,98835,0,0,-1.4255682209984748,mem_normal_light,TN
normal_mem_03,54,98833,0,0,-1.4255537106399139,mem_normal_light,TN
normal_mem_03,56,98836,0,0,-1.4255750986950382,mem_normal_light,TN
normal_mem_03,58,98836,0,0,-1.4255752001835553,mem_normal_light,TN
normal_mem_03,60,98836,0,0,-1.4255751766306979,mem_normal_light,TN
normal_mem_03,62,98836,0,0,-1.4255751545973752,mem_normal_light,TN
normal_mem_03,64,98836,0,0,-1.425575133941127,mem_normal_light,TN
normal_mem_03,66,98836,0,0,-1.4255751145367768,mem_normal_light,TN
normal_mem_03,68,98836,0,0,-1.4255750962738531,mem_normal_light,TN
normal_mem_03,70,98836,0,0,-1.4255750790545214,mem_normal_light,TN
normal_mem_03,72,98836,0,0,-1.4255750627918182,mem_normal_light,TN
normal_mem_03,74,98836,0,0,-1.4255750474081772,mem_normal_light,TN
normal_mem_03,76,98836,0,0,-1.425575032834196,mem_normal_light,TN
normal_mem_03,78,98836,0,0,-1.4255750190076064,mem_normal_light,TN
normal_mem_03,80,98836,0,0,-1.4255750058723429,mem_normal_light,TN
normal_mem_03,82,98836,0,0,-1.425574993377822,mem_normal_light,TN
normal_mem_03,84,98834,0,0,-1.4255605010395946,mem_normal_light,TN
normal_mem_03,86,98834,0,0,-1.4255608483366373,mem_normal_light,TN
normal_mem_03,88,98836,0,0,-1.4255749634445998,mem_normal_light,TN
normal_mem_03,90,98836,0,0,-1.4255749489528462,mem_normal_light,TN
normal_mem_03,92,98836,0,0,-1.4255749390537957,mem_normal_light,TN
normal_mem_03,94,98836,0,0,-1.4255749295759834,mem_normal_light,TN
normal_mem_03,96,98836,0,0,-1.42557492049308,mem_normal_light,TN
normal_mem_03,98,98836,0,0,-1.4255749117809096,mem_normal_light,TN
normal_mem_03,100,98836,0,0,-1.4255749034172318,mem_normal_light,TN
normal_mem_03,102,98836,0,0,-1.42557489538153,mem_normal_light,TN
normal_mem_03,104,98836,0,0,-1.4255748876549035,mem_normal_light,TN
normal_mem_03,106,98841,0,0,-1.4256095239751687,mem_normal_light,TN
normal_mem_03,108,98841,0,0,-1.4256101711468325,mem_normal_light,TN
normal_mem_03,110,98841,0,0,-1.4256101642475585,mem_normal_light,TN
normal_mem_03,112,98841,0,0,-1.4256101575946865,mem_normal_light,TN
normal_mem_03,114,98841,0,0,-1.4256101511752597,mem_normal_light,TN
normal_mem_03,116,98841,0,0,-1.4256101449771847,mem_normal_light,TN
normal_mem_03,118,98841,0,0,-1.4256101389892102,mem_normal_light,TN
normal_mem_03,120,98841,0,0,-1.4256101332008448,mem_normal_light,TN
normal_mem_03,122,98841,0,0,-1.425610127602262,mem_normal_light,TN
normal_mem_03,124,98841,0,0,-1.4256101221842705,mem_normal_light,TN
normal_mem_03,126,98841,0,0,-1.4256101169382838,mem_normal_light,TN
normal_mem_03,128,98836,0,0,-1.4255732524703184,mem_normal_light,TN
normal_mem_03,130,98834,0,0,-1.4255603284038365,mem_normal_light,TN
normal_mem_03,132,98836,0,0,-1.4255748082095074,mem_normal_light,TN
normal_mem_03,134,98836,0,0,-1.4255747994328587,mem_normal_light,TN
normal_mem_03,136,98841,0,0,-1.4256094386914704,mem_normal_light,TN
normal_mem_03,138,98841,0,0,-1.4256100886555636,mem_normal_light,TN
normal_mem_03,140,98841,0,0,-1.425610084413151,mem_normal_light,TN
normal_mem_03,142,98837,0,0,-1.425580770762835,mem_normal_light,TN
normal_mem_03,144,98836,0,0,-1.4255746431849694,mem_normal_light,TN
normal_mem_03,146,98841,0,0,-1.4256094180520336,mem_normal_light,TN
normal_mem_03,148,98841,0,0,-1.4256100685901139,mem_normal_light,TN
normal_mem_03,150,98841,0,0,-1.4256100648980663,mem_normal_light,TN
normal_mem_03,152,98841,0,0,-1.425610061303182,mem_normal_light,TN
normal_mem_03,154,98841,0,0,-1.425610057801677,mem_normal_light,TN
normal_mem_03,156,98845,0,0,-1.425637940060767,mem_normal_light,TN
normal_mem_03,158,98845,0,0,-1.4256382829487393,mem_normal_light,TN
normal_mem_03,160,98845,0,0,-1.4256382797065505,mem_normal_light,TN
normal_mem_03,162,98845,0,0,-1.4256382765444044,mem_normal_light,TN
normal_mem_03,164,98845,0,0,-1.4256382734593984,mem_normal_light,TN
normal_mem_03,166,98845,0,0,-1.4256382704487152,mem_normal_light,TN
normal_mem_03,168,98845,0,0,-1.4256382675097221,mem_normal_light,TN
normal_mem_03,170,98841,0,0,-1.425608960963725,mem_normal_light,TN
normal_mem_03,172,98837,0,0,-1.4255807204246231,mem_normal_light,TN
normal_mem_03,174,98844,0,0,-1.4256296652348404,mem_normal_light,TN
normal_mem_03,176,98844,0,0,-1.4256311989994472,mem_normal_light,TN
normal_mem_03,178,98844,0,0,-1.4256311963831507,mem_normal_light,TN
normal_mem_03,180,98844,0,0,-1.4256311938250121,mem_normal_light,TN
normal_cpu_01,0,1206,0,1,0.8271645762128053,cpu_normal,FP
normal_cpu_01,2,1206,0,0,-0.19117989299257943,cpu_normal,TN
normal_cpu_01,4,1211,0,1,0.10274593021503264,cpu_normal,FP
normal_cpu_01,6,1211,0,1,0.1620875676097775,cpu_normal,FP
normal_cpu_01,8,1211,0,1,0.1453983984457814,cpu_normal,FP
normal_cpu_01,10,1211,0,1,0.0967416962913461,cpu_normal,FP
normal_cpu_01,12,1211,0,1,0.03247468365955797,cpu_normal,FP
normal_cpu_01,14,1211,0,0,-0.0399775453260105,cpu_normal,TN
normal_cpu_01,16,1216,0,0,-0.11688753028665033,cpu_normal,TN
normal_cpu_01,18,1216,0,0,-0.19578925355174448,cpu_normal,TN
normal_cpu_01,20,1216,0,0,-0.367632509252239,cpu_normal,TN
normal_cpu_01,22,1216,0,0,-0.35499173090776637,cpu_normal,TN
normal_cpu_01,24,1216,0,0,-0.508803608425751,cpu_normal,TN
normal_cpu_01,26,1216,0,0,-0.5114473879144406,cpu_normal,TN
normal_cpu_01,28,1216,0,0,-0.6503801839104959,cpu_normal,TN
normal_cpu_01,30,1216,0,0,-0.6620621492534511,cpu_normal,TN
normal_cpu_01,32,1216,0,0,-0.734601862444066,cpu_normal,TN
normal_cpu_01,34,1216,0,0,-0.8050848695221617,cpu_normal,TN
normal_cpu_01,36,1216,0,0,-0.8733900070473055,cpu_normal,TN
normal_cpu_01,38,1211,0,0,-0.9392902365475528,cpu_normal,TN
normal_cpu_01,40,1211,0,0,-1.0029569148585509,cpu_normal,TN
normal_cpu_01,42,1216,0,0,-1.0643117230123558,cpu_normal,TN
normal_cpu_01,44,1216,0,0,-1.1230471863215072,cpu_normal,TN
normal_cpu_01,46,1216,0,0,-1.1792319494753372,cpu_normal,TN
normal_cpu_01,48,1216,0,0,-1.232819308596678,cpu_normal,TN
normal_cpu_01,50,1211,0,0,-1.2836437373630645,cpu_normal,TN
normal_cpu_01,52,1211,0,0,-1.3319167026366685,cpu_normal,TN
normal_cpu_01,54,1211,0,0,-1.3774776605130263,cpu_normal,TN
normal_cpu_01,56,1211,0,0,-1.4202977986133405,cpu_normal,TN
normal_cpu_01,58,1211,0,0,-1.4603498413379121,cpu_normal,TN
normal_cpu_01,60,1211,0,0,-1.4976091493851698,cpu_normal,TN
normal_cpu_01,62,1211,0,0,-1.5320534545709918,cpu_normal,TN
normal_cpu_01,64,1209,0,0,-1.56361543008126,cpu_normal,TN
normal_cpu_01,66,1211,0,0,-1.5924185366873935,cpu_normal,TN
normal_cpu_01,68,1211,0,0,-1.618304981624732,cpu_normal,TN
normal_cpu_01,70,1211,0,0,-1.6413072471273864,cpu_normal,TN
normal_cpu_01,72,1211,0,0,-1.6614124136638324,cpu_normal,TN
normal_cpu_01,74,1211,0,0,-1.6786090429400602,cpu_normal,TN
normal_cpu_01,76,1211,0,0,-1.6928871567901993,cpu_normal,TN
normal_cpu_01,78,1211,0,0,-1.7042381773391462,cpu_normal,TN
normal_cpu_01,80,1211,0,0,-1.712654876020796,cpu_normal,TN
normal_cpu_01,82,1211,0,0,-1.7181313298983376,cpu_normal,TN
normal_cpu_01,84,1211,0,0,-1.7206628840272877,cpu_normal,TN
normal_cpu_01,86,1211,0,0,-1.720246118835405,cpu_normal,TN
normal_cpu_01,88,1211,0,0,-1.716878821678339,cpu_normal,TN
normal_cpu_01,90,1211,0,0,-1.7105599618792482,cpu_normal,TN
normal_cpu_01,92,1211,0,0,-1.7012896686796566,cpu_normal,TN
normal_cpu_01,94,1211,0,0,-1.6890692116255472,cpu_normal,TN
normal_cpu_01,96,1211,0,0,-1.6739009829914444,cpu_normal,TN
normal_cpu_01,98,1211,0,0,-1.6557884819093296,cpu_normal,TN
normal_cpu_01,100,1211,0,0,-1.6347362999216841,cpu_normal,TN
normal_cpu_01,102,1211,0,0,-1.610750107721465,cpu_normal,TN
normal_cpu_01,104,1211,0,0,-1.5838366428773405,cpu_normal,TN
normal_cpu_01,106,1211,0,0,-1.5540036983725507,cpu_normal,TN
normal_cpu_01,108,1211,0,0,-1.5212601118100544,cpu_normal,TN
normal_cpu_01,110,1211,0,0,-1.485615755157557,cpu_normal,TN
normal_cpu_01,112,1211,0,0,-1.4470815249232274,cpu_normal,TN
normal_cpu_01,114,1211,0,0,-1.4056693326674328,cpu_normal,TN
normal_cpu_01,116,1211,0,0,-1.361392095768096,cpu_normal,TN
normal_cpu_01,118,1211,0,0,-1.3142637283677843,cpu_normal,TN
normal_cpu_01,120,1211,0,0,-1.2642991324391595,cpu_normal,TN
normal_cpu_01,122,1211,0,0,-1.2115141889133731,cpu_normal,TN
normal_cpu_01,124,1211,0,0,-1.1559257488219785,cpu_normal,TN
normal_cpu_01,126,1211,0,0,-1.097551624408716,cpu_normal,TN
normal_cpu_01,128,1211,0,0,-1.0364105801721024,cpu_normal,TN
normal_cpu_01,130,1211,0,0,-0.9725223238040108,cpu_normal,TN
normal_cpu_01,132,1211,0,0,-0.9059074969927821,cpu_normal,TN
normal_cpu_01,134,1211,0,0,-0.8365876660625915,cpu_normal,TN
normal_cpu_01,136,1211,0,0,-0.7645853124236694,cpu_normal,TN
normal_cpu_01,138,1211,0,0,-0.6899238228099982,cpu_normal,TN
normal_cpu_01,140,1211,0,0,-0.6126274792834927,cpu_normal,TN
normal_cpu_01,142,1211,0,0,-0.5327214489855869,cpu_normal,TN
normal_cpu_01,144,1211,0,0,-0.45023177361853683,cpu_normal,TN
normal_cpu_01,146,1211,0,0,-0.3651853586406517,cpu_normal,TN
normal_cpu_01,148,1211,0,0,-0.2776099621607031,cpu_normal,TN
normal_cpu_01,150,1211,0,0,-0.18753418351840878,cpu_normal,TN
normal_cpu_01,152,1211,0,0,-0.09498745153863553,cpu_normal,TN
normal_cpu_01,154,1211,0,0,-1.2448502673123585e-08,cpu_normal,TN
normal_cpu_01,156,1211,0,1,0.09739708255276014,cpu_normal,FP
normal_cpu_01,158,1209,0,1,0.1972004120214521,cpu_normal,FP
normal_cpu_01,160,1209,0,1,0.29931981169017874,cpu_normal,FP
normal_cpu_01,162,1206,0,1,0.403792733453745,cpu_normal,FP
normal_cpu_01,164,1206,0,1,0.5105007053811121,cpu_normal,FP
normal_cpu_01,166,1206,0,1,0.6194519808739898,cpu_normal,FP
normal_cpu_01,168,1211,0,1,0.7305461952088983,cpu_normal,FP
normal_cpu_01,170,1216,0,1,0.8438126633800991,cpu_normal,FP
normal_cpu_01,172,1216,0,1,0.9592772555380158,cpu_normal,FP
normal_cpu_01,174,1216,0,1,1.0768388057855596,cpu_normal,FP
normal_cpu_01,176,1216,0,1,1.1964582188577992,cpu_normal,FP
normal_cpu_01,178,1216,0,1,1.3180965154390663,cpu_normal,FP
normal_cpu_01,180,1216,0,1,1.441714089875262,cpu_normal,FP
anomaly_io_burst,0,1265,1,1,19.91361899430597,io_burst,TP
anomaly_io_burst,2,1265,1,1,21.084970042427287,io_burst,TP
anomaly_io_burst,4,1265,1,1,21.084970042427287,io_burst,TP
anomaly_io_burst,6,1265,1,1,21.084970042427287,io_burst,TP
anomaly_io_burst,8,1265,1,1,21.084970042427287,io_burst,TP
anomaly_io_burst,10,1265,1,1,21.084970042427287,io_burst,TP
anomaly_io_burst,12,1270,1,1,21.084970042427287,io_burst,TP
anomaly_io_burst,14,1270,1,1,21.084970042427287,io_burst,TP
anomaly_io_burst,16,1270,1,1,21.084970042427287,io_burst,TP
anomaly_io_burst,18,1270,1,1,21.084970042427287,io_burst,TP
anomaly_io_burst,20,1270,1,1,21.084970042427287,io_burst,TP
anomaly_io_burst,22,1265,1,1,21.084970042427287,io_burst,TP
anomaly_io_burst,24,1265,1,1,21.084970042427287,io_burst,TP
anomaly_io_burst,26,1265,1,1,21.084970042427287,io_burst,TP
normal_mem_02,0,147384,0,0,-1.3384632061324204,mem_normal,TN
normal_mem_02,2,147384,0,0,-1.3384453803906773,mem_normal,TN
normal_mem_02,4,147384,0,0,-1.33843646640889,mem_normal,TN
normal_mem_02,6,147384,0,0,-1.3384334949170373,mem_normal,TN
normal_mem_02,8,147384,0,0,-1.3384320091402557,mem_normal,TN
normal_mem_02,10,147377,0,0,-1.3384999716458168,mem_normal,TN
normal_mem_02,12,147377,0,0,-1.3385022051943878,mem_normal,TN
normal_mem_02,14,147384,0,0,-1.3384286008780713,mem_normal,TN
normal_mem_02,16,147384,0,0,-1.3384297804365062,mem_normal,TN
normal_mem_02,18,147384,0,0,-1.3384295327999034,mem_normal,TN
normal_mem_02,20,147384,0,0,-1.3384293346902005,mem_normal,TN
normal_mem_02,22,147384,0,0,-1.3384291726001827,mem_normal,TN
normal_mem_02,24,147384,0,0,-1.3384290375249748,mem_normal,TN
normal_mem_02,26,147384,0,0,-1.3384289232304347,mem_normal,TN
normal_mem_02,28,147384,0,0,-1.3384288252635805,mem_normal,TN
normal_mem_02,30,147384,0,0,-1.3384287403589141,mem_normal,TN
normal_mem_02,32,147384,0,0,-1.3384286660672728,mem_normal,TN
normal_mem_02,34,147384,0,0,-1.3384286005157797,mem_normal,TN
normal_mem_02,36,147384,0,0,-1.3384285422477618,mem_normal,TN
normal_mem_02,38,147384,0,0,-1.338428490113177,mem_normal,TN
normal_mem_02,40,147384,0,0,-1.3384284431920257,mem_normal,TN
normal_mem_02,42,147384,0,0,-1.3384284007395628,mem_normal,TN
normal_mem_02,44,147385,0,0,-1.338418171279855,mem_normal,TN
normal_mem_02,46,147381,0,0,-1.338457963638767,mem_normal,TN
normal_mem_02,48,147380,0,0,-1.3384691186970095,mem_normal,TN
normal_mem_02,50,147380,0,0,-1.3384692281158834,mem_normal,TN
normal_mem_02,52,147380,0,0,-1.3384692006846706,mem_normal,TN
normal_mem_02,54,147385,0,0,-1.3384173417906204,mem_normal,TN
normal_mem_02,56,147680,0,0,-1.3315681729667084,mem_normal,TN
normal_mem_02,58,147680,0,0,-1.3353806545193017,mem_normal,TN
normal_mem_02,60,147680,0,0,-1.3353806340435028,mem_normal,TN
normal_mem_02,62,147680,0,0,-1.3353806148886989,mem_normal,TN
normal_mem_02,64,147680,0,0,-1.3353805969310848,mem_normal,TN
normal_mem_02,66,147680,0,0,-1.3353805800618126,mem_normal,TN
normal_mem_02,68,147680,0,0,-1.3353805641848382,mem_normal,TN
normal_mem_02,70,147680,0,0,-1.3353805492151132,mem_normal,TN
normal_mem_02,72,147680,0,0,-1.3353805350770394,mem_normal,TN
normal_mem_02,74,147676,0,0,-1.3354208316045693,mem_normal,TN
normal_mem_02,76,147676,0,0,-1.3354219051234466,mem_normal,TN
normal_mem_02,78,147676,0,0,-1.3354218931030815,mem_normal,TN
normal_mem_02,80,147680,0,0,-1.335380159459838,mem_normal,TN
normal_mem_02,82,147680,0,0,-1.3353804747316005,mem_normal,TN
normal_mem_02,84,147676,0,0,-1.3354207742873498,mem_normal,TN
normal_mem_02,86,147676,0,0,-1.3354218506124518,mem_normal,TN
normal_mem_02,88,147670,0,0,-1.3354817654566702,mem_normal,TN
normal_mem_02,90,147668,0,0,-1.3355042402787554,mem_normal,TN
normal_mem_02,92,147673,0,0,-1.3354522384749856,mem_normal,TN
normal_mem_02,94,147673,0,0,-1.335452858582947,mem_normal,TN
normal_mem_02,96,147673,0,0,-1.3354528506865009,mem_normal,TN
normal_mem_02,98,147673,0,0,-1.3354528431123676,mem_normal,TN
normal_mem_02,100,147673,0,0,-1.335452835841192,mem_normal,TN
normal_mem_02,102,147673,0,0,-1.3354528288551677,mem_normal,TN
normal_mem_02,104,147673,0,0,-1.3354528221378352,mem_normal,TN
normal_mem_02,106,147673,0,0,-1.3354528156739924,mem_normal,TN
normal_mem_02,108,147673,0,0,-1.3354528094495386,mem_normal,TN
normal_mem_02,110,147673,0,0,-1.3354528034514246,mem_normal,TN
normal_mem_02,112,147673,0,0,-1.3354527976675392,mem_normal,TN
normal_mem_02,114,147673,0,0,-1.335452792086592,mem_normal,TN
normal_mem_02,116,147673,0,0,-1.3354527866980845,mem_normal,TN
normal_mem_02,118,147673,0,0,-1.3354527814922434,mem_normal,TN
normal_mem_02,120,147673,0,0,-1.3354527764599382,mem_normal,TN
normal_mem_02,122,147673,0,0,-1.3354527715926174,mem_normal,TN
normal_mem_02,124,147673,0,0,-1.3354527668823053,mem_normal,TN
normal_mem_02,126,147669,0,0,-1.3354930619842413,mem_normal,TN
normal_mem_02,128,147666,0,0,-1.3355244970706117,mem_normal,TN
normal_mem_02,130,147666,0,0,-1.3355251750251576,mem_normal,TN
normal_mem_02,132,147669,0,0,-1.335494023122596,mem_normal,TN
normal_mem_02,134,147669,0,0,-1.3354941312925384,mem_normal,TN
normal_mem_02,136,147669,0,0,-1.3354941273823968,mem_normal,TN
normal_mem_02,138,147669,0,0,-1.3354941235855868,mem_normal,TN
normal_mem_02,140,147669,0,0,-1.335494119897266,mem_normal,TN
normal_mem_02,142,147669,0,0,-1.3354941163128338,mem_normal,TN
normal_mem_02,144,147669,0,0,-1.3354941128279698,mem_normal,TN
normal_mem_02,146,147669,0,0,-1.335494109438585,mem_normal,TN
normal_mem_02,148,147669,0,0,-1.3354941061407999,mem_normal,TN
normal_mem_02,150,147669,0,0,-1.3354941029309657,mem_normal,TN
normal_mem_02,152,147669,0,0,-1.3354940998055937,mem_normal,TN
normal_mem_02,154,147669,0,0,-1.3354940967614013,mem_normal,TN
normal_mem_02,156,147669,0,0,-1.335494093795262,mem_normal,TN
normal_mem_02,158,147669,0,0,-1.3354940909042199,mem_normal,TN
normal_mem_02,160,147669,0,0,-1.3354940880854542,mem_normal,TN
normal_mem_02,162,147669,0,0,-1.3354940853362827,mem_normal,TN
normal_mem_02,164,147669,0,0,-1.335494082654165,mem_normal,TN
normal_mem_02,166,147669,0,0,-1.3354940800366784,mem_normal,TN
normal_mem_02,168,147669,0,0,-1.3354940774815134,mem_normal,TN
normal_mem_02,170,147669,0,0,-1.3354940749864745,mem_normal,TN
normal_mem_02,172,147669,0,0,-1.3354940725494444,mem_normal,TN
normal_mem_02,174,147669,0,0,-1.3354940701684512,mem_normal,TN
normal_mem_02,176,147669,0,0,-1.3354940678415659,mem_normal,TN
normal_mem_02,178,147669,0,0,-1.335494065566973,mem_normal,TN
normal_mem_02,180,0,0,1,20.083810365079465,mem_normal,FP
anomaly_combined,0,511687,1,1,15.816797635669015,combined,TP
anomaly_combined,2,938785,1,1,21.084970042427287,combined,TP
anomaly_combined,4,938785,1,1,21.084970042427287,combined,TP
anomaly_combined,6,938777,1,1,21.084970042427287,combined,TP
anomaly_combined,8,938776,1,1,21.084970042427287,combined,TP
anomaly_combined,10,938776,1,1,21.084970042427287,combined,TP
anomaly_combined,12,938776,1,1,21.084970042427287,combined,TP
anomaly_combined,14,938776,1,1,21.084970042427287,combined,TP
anomaly_combined,16,938776,1,1,21.084970042427287,combined,TP
anomaly_combined,18,938776,1,1,21.084970042427287,combined,TP
anomaly_combined,20,938776,1,1,21.084970042427287,combined,TP
anomaly_combined,22,938774,1,1,21.084970042427287,combined,TP
anomaly_combined,24,938774,1,1,21.084970042427287,combined,TP
anomaly_combined,26,938776,1,1,21.084970042427287,combined,TP
anomaly_combined,28,938776,1,1,21.084970042427287,combined,TP
anomaly_combined,30,938785,1,1,21.084970042427287,combined,TP
anomaly_combined,32,938785,1,1,21.084970042427287,combined,TP
anomaly_combined,34,938785,1,1,21.084970042427287,combined,TP
anomaly_combined,36,938785,1,1,21.084970042427287,combined,TP
anomaly_combined,38,938785,1,1,21.084970042427287,combined,TP
anomaly_combined,40,938785,1,1,21.084970042427287,combined,TP
anomaly_combined,42,938785,1,1,21.084970042427287,combined,TP
anomaly_combined,44,938785,1,1,21.084970042427287,combined,TP
anomaly_combined,46,938785,1,1,21.084970042427287,combined,TP
anomaly_combined,48,938785,1,1,21.084970042427287,combined,TP
anomaly_combined,50,938785,1,1,21.084970042427287,combined,TP
anomaly_combined,52,938785,1,1,21.084970042427287,combined,TP
anomaly_combined,54,938785,1,1,21.084970042427287,combined,TP
anomaly_combined,56,938785,1,1,21.084970042427287,combined,TP
anomaly_combined,58,938785,1,1,21.084970042427287,combined,TP
anomaly_combined,60,938785,1,1,21.084970042427287,combined,TP
anomaly_combined,62,938785,1,1,21.084970042427287,combined,TP
anomaly_combined,64,938785,1,1,21.084970042427287,combined,TP
anomaly_combined,66,938785,1,1,21.084970042427287,combined,TP
anomaly_combined,68,938785,1,1,21.084970042427287,combined,TP
anomaly_combined,70,938785,1,1,21.084970042427287,combined,TP
anomaly_combined,72,938785,1,1,21.084970042427287,combined,TP
anomaly_combined,74,938785,1,1,21.084970042427287,combined,TP
anomaly_combined,76,938785,1,1,21.084970042427287,combined,TP
anomaly_combined,78,938785,1,1,21.084970042427287,combined,TP
anomaly_combined,80,938785,1,1,21.084970042427287,combined,TP
anomaly_combined,82,938785,1,1,21.084970042427287,combined,TP
anomaly_combined,84,938785,1,1,21.084970042427287,combined,TP
anomaly_combined,86,938785,1,1,21.084970042427287,combined,TP
anomaly_combined,88,938785,1,1,21.084970042427287,combined,TP
anomaly_combined,90,938785,1,1,21.084970042427287,combined,TP
anomaly_combined,92,938785,1,1,21.084970042427287,combined,TP
anomaly_combined,94,938785,1,1,21.084970042427287,combined,TP
anomaly_combined,96,938785,1,1,21.084970042427287,combined,TP
anomaly_combined,98,938785,1,1,21.084970042427287,combined,TP
anomaly_combined,100,938785,1,1,21.084970042427287,combined,TP
anomaly_combined,102,938785,1,1,21.084970042427287,combined,TP
anomaly_combined,104,938777,1,1,21.084970042427287,combined,TP
anomaly_combined,106,938776,1,1,21.084970042427287,combined,TP
anomaly_combined,108,938776,1,1,21.084970042427287,combined,TP
anomaly_combined,110,938776,1,1,21.084970042427287,combined,TP
anomaly_combined,112,938776,1,1,21.084970042427287,combined,TP
anomaly_combined,114,938776,1,1,21.084970042427287,combined,TP
anomaly_combined,116,938776,1,1,21.084970042427287,combined,TP
anomaly_combined,118,938776,1,1,21.084970042427287,combined,TP
anomaly_combined,120,938776,1,1,21.084970042427287,combined,TP
anomaly_combined,122,938776,1,1,21.084970042427287,combined,TP
anomaly_combined,124,938776,1,1,21.084970042427287,combined,TP
anomaly_combined,126,938785,1,1,21.084970042427287,combined,TP
anomaly_combined,128,938785,1,1,21.084970042427287,combined,TP
anomaly_combined,130,938785,1,1,21.084970042427287,combined,TP
anomaly_combined,132,938785,1,1,21.084970042427287,combined,TP
anomaly_combined,134,938785,1,1,21.084970042427287,combined,TP
anomaly_combined,136,938785,1,1,21.084970042427287,combined,TP
anomaly_combined,138,938785,1,1,21.084970042427287,combined,TP
anomaly_combined,140,938785,1,1,21.084970042427287,combined,TP
anomaly_combined,142,938785,1,1,21.084970042427287,combined,TP
anomaly_combined,144,938785,1,1,21.084970042427287,combined,TP
anomaly_combined,146,938785,1,1,21.084970042427287,combined,TP
anomaly_combined,148,938785,1,1,21.084970042427287,combined,TP
anomaly_combined,150,938785,1,1,21.084970042427287,combined,TP
anomaly_combined,152,938785,1,1,21.084970042427287,combined,TP
anomaly_combined,154,938785,1,1,21.084970042427287,combined,TP
anomaly_combined,156,938785,1,1,21.084970042427287,combined,TP
anomaly_combined,158,938785,1,1,21.084970042427287,combined,TP
anomaly_combined,160,938785,1,1,21.084970042427287,combined,TP
anomaly_combined,162,938785,1,1,21.084970042427287,combined,TP
anomaly_combined,164,938785,1,1,21.084970042427287,combined,TP
anomaly_combined,166,938785,1,1,21.084970042427287,combined,TP
anomaly_combined,168,938785,1,1,21.084970042427287,combined,TP
anomaly_combined,170,938785,1,1,21.084970042427287,combined,TP
anomaly_combined,172,938785,1,1,21.084970042427287,combined,TP
anomaly_combined,174,938785,1,1,21.084970042427287,combined,TP
anomaly_combined,176,938785,1,1,21.084970042427287,combined,TP
anomaly_combined,178,938785,1,1,21.084970042427287,combined,TP
anomaly_combined,180,938785,1,1,21.084970042427287,combined,TP
